model_name,concept_entropy
sd-1.1,0.9990102708804813
sd-1.4,0.9936946395477783
sd-2.1,0.98482614314597
sdxl,0.9582074780385518
sdxl-turbo,0.9315838837395004
lcm-sdxl,0.9395711367757147
sd-3,0.9864845733157803
flux-schnell,0.9864845733157803
flux-dev,0.9556537346562
deepfloyd-m,0.9847043393852294
deepfloyd-l,0.9975703088492304
deepfloyd-xl,0.9934358595489411
