model_name,concept_entropy
sd-1.1,0.12090825831402711
sd-1.4,0.17789428267219343
sd-2.1,0.09925434909488015
sdxl,0.12585103058372746
sdxl-turbo,0.03438502957377658
lcm-sdxl,0.15868016283713915
sd-3,0.12868328510213609
flux-schnell,0.06455892313043209
flux-dev,0.03615786754989353
deepfloyd-m,0.33936649012047265
deepfloyd-l,0.1729624697952808
deepfloyd-xl,0.09474868247208958
