model_name,concept_entropy
sd-1.1,0.916381904449812
sd-1.4,0.9207243699994442
sd-2.1,0.9040205152191684
sdxl,0.7903520276136884
sdxl-turbo,0.5261609217638141
lcm-sdxl,0.8340732609501572
sd-3,0.8012576713840178
flux-schnell,0.8842739603084178
flux-dev,0.699914753603629
deepfloyd-m,0.8450700669288183
deepfloyd-l,0.9172180782661592
deepfloyd-xl,0.8911466401997419
