model_name,concept_entropy
sd-1.1,0.7249478953870219
sd-1.4,0.6604326810498291
sd-2.1,0.6653695285257726
sdxl,0.5330740715055355
sdxl-turbo,0.4997177378166118
lcm-sdxl,0.5523343659263751
sd-3,0.5615037343403566
flux-schnell,0.4161985406662669
flux-dev,0.552637996935142
deepfloyd-m,0.6832207365753961
deepfloyd-l,0.6505192875955336
deepfloyd-xl,0.7038634011505267
