model_name,concept_entropy
sd-1.1,0.1868308732283221
sd-1.4,0.16511110446684915
sd-2.1,0.261223326966336
sdxl,0.2126586398816349
sdxl-turbo,0.10944579608881942
lcm-sdxl,0.19456903361790734
sd-3,0.05909292838573303
flux-schnell,0.6020092319487866
flux-dev,0.25949401431996344
deepfloyd-m,0.3235500186711967
deepfloyd-l,0.2748031957462935
deepfloyd-xl,0.23976988713104105
