model_name,concept_entropy
sd-1.1,0.2982195516172699
sd-1.4,0.3291873443168347
sd-2.1,0.19324881225862894
sdxl,0.17157825431726426
sdxl-turbo,0.046258550200182456
lcm-sdxl,0.19590927087360493
sd-3,0.16888147272191115
flux-schnell,0.0455423545854454
flux-dev,-0.0
deepfloyd-m,0.12261936698630586
deepfloyd-l,0.12294906133412323
deepfloyd-xl,0.10229622747172103
