model_name,concept_entropy
sd-1.1,0.5227668343674899
sd-1.4,0.48032918256838625
sd-2.1,0.507690311911881
sdxl,0.5796011624884462
sdxl-turbo,0.3866578979763319
lcm-sdxl,0.47006105223697786
sd-3,0.5589132495661997
flux-schnell,0.40825190863344174
flux-dev,0.5949205037144638
deepfloyd-m,0.5195486578967732
deepfloyd-l,0.5291750277869901
deepfloyd-xl,0.47605261817966266
