model_name,concept_entropy
sd-1.1,0.021753598001942133
sd-1.4,0.14094337692214803
sd-2.1,0.1919804281292387
sdxl,0.060920418795428
sdxl-turbo,0.18596347886730552
lcm-sdxl,0.26400461990645385
sd-3,-0.0
flux-schnell,-0.0
flux-dev,-0.0
deepfloyd-m,0.45310351368637813
deepfloyd-l,0.23557571181943357
deepfloyd-xl,0.2640342844168575
