model_name,concept_entropy
sd-1.1,0.12648208845386857
sd-1.4,0.05383414399529996
sd-2.1,0.04196889060120548
sdxl,0.009225093862090677
sdxl-turbo,-0.0
lcm-sdxl,-0.0
sd-3,-0.0
flux-schnell,0.03355772793582108
flux-dev,-0.0
deepfloyd-m,0.14865557541680963
deepfloyd-l,0.017859066808108535
deepfloyd-xl,0.016115177605884743
