model_name,concept_entropy
sd-1.1,0.5655995593995197
sd-1.4,0.3310613615671802
sd-2.1,0.20586163390460716
sdxl,0.3207930355475232
sdxl-turbo,0.21084230031853213
lcm-sdxl,0.334429944888232
sd-3,0.08079313589591118
flux-schnell,0.5293608652873644
flux-dev,0.3340257394468136
deepfloyd-m,0.32744491915447627
deepfloyd-l,0.4529425481872832
deepfloyd-xl,0.38431154412649704
