model_name,concept_entropy
sd-1.1,0.6887209481041751
sd-1.4,0.65445531788837
sd-2.1,0.5797043649301296
sdxl,0.4673950891038195
sdxl-turbo,0.08211001422247634
lcm-sdxl,0.46528110407164636
sd-3,0.21453963698513956
flux-schnell,0.3843880768849956
flux-dev,0.24282247327817627
deepfloyd-m,0.5516135101976046
deepfloyd-l,0.5114142337222399
deepfloyd-xl,0.5169527491186899
