model_name,concept_entropy
sd-1.1,0.3631397691344194
sd-1.4,0.4460097046512694
sd-2.1,0.3128533893870324
sdxl,0.33223660635841923
sdxl-turbo,0.18846579575181113
lcm-sdxl,0.24278004742797335
sd-3,0.2084317609017389
flux-schnell,0.5117520387357037
flux-dev,0.41497929053717153
deepfloyd-m,0.3897006034067768
deepfloyd-l,0.37904585722201256
deepfloyd-xl,0.503087723755328
