model_name,concept_entropy
sd-1.1,0.8289271408628721
sd-1.4,0.7825831910736418
sd-2.1,0.8637869716321751
sdxl,0.6813922421831984
sdxl-turbo,0.9901592635041827
lcm-sdxl,0.6474274065540008
sd-3,0.8341980958607491
flux-schnell,0.7926686742623099
flux-dev,0.5969995167604552
deepfloyd-m,0.9292008907675238
deepfloyd-l,0.8971251779290279
deepfloyd-xl,0.5973839638578601
