model_name,concept_entropy
sd-1.1,0.4350267448594559
sd-1.4,0.39724005053649303
sd-2.1,0.3288805064075739
sdxl,0.28925698334958033
sdxl-turbo,0.3615546788063585
lcm-sdxl,0.4502094520569301
sd-3,0.20609997769211472
flux-schnell,0.445115315907729
flux-dev,0.33171394666773046
deepfloyd-m,0.4620663306834424
deepfloyd-l,0.313392290566566
deepfloyd-xl,0.393779412361985
