model_name,concept_entropy
sd-1.1,0.2157970621396222
sd-1.4,0.5597903227234492
sd-2.1,0.5530919600687172
sdxl,0.606154287145211
sdxl-turbo,0.6659252735979263
lcm-sdxl,0.7246271236759515
sd-3,0.6349481882121395
flux-schnell,0.7021345365351825
flux-dev,0.5187991877613196
deepfloyd-m,0.6031172109342355
deepfloyd-l,0.7026469210586371
deepfloyd-xl,0.7779505590688436
