model_name,concept_entropy
sd-1.1,0.1441150013155948
sd-1.4,0.42164496175176236
sd-2.1,0.3639564670291698
sdxl,0.4829514598243898
sdxl-turbo,0.5576234602237868
lcm-sdxl,0.8282860645663683
sd-3,0.12261936698630586
flux-schnell,0.05810074789112419
flux-dev,0.24352170057198297
deepfloyd-m,0.35628685083576594
deepfloyd-l,0.44848129436613077
deepfloyd-xl,0.2445478348104063
