model_name,concept_entropy
sd-1.1,0.6489342505378761
sd-1.4,0.599203470304653
sd-2.1,0.6188598282180247
sdxl,0.5970712549000471
sdxl-turbo,0.5493542675782069
lcm-sdxl,0.5963702245566258
sd-3,0.4731963814258416
flux-schnell,0.4521531178989561
flux-dev,0.48571392155276005
deepfloyd-m,0.6836891430839649
deepfloyd-l,0.652860163288173
deepfloyd-xl,0.6442618809185581
