model_name,concept_entropy
sd-1.1,0.8470012556633434
sd-1.4,0.8047654414164956
sd-2.1,0.7705279234148528
sdxl,0.9817789481032506
sdxl-turbo,0.8699708363846015
lcm-sdxl,0.9926274950457996
sd-3,0.6070811203259887
flux-schnell,0.5854637447682234
flux-dev,0.6171519192002819
deepfloyd-m,0.9464368259003935
deepfloyd-l,0.9773608844813277
deepfloyd-xl,0.9861477437935021
