model_name,concept_entropy
sd-1.1,0.2742331150802013
sd-1.4,0.2570988134367206
sd-2.1,0.4517173495482302
sdxl,0.29407293248930816
sdxl-turbo,0.3970502106099566
lcm-sdxl,0.3508722202285443
sd-3,0.2793275830192136
flux-schnell,0.3617378252476751
flux-dev,0.39047180863421965
deepfloyd-m,0.5515185089337571
deepfloyd-l,0.48704859003182677
deepfloyd-xl,0.37022927138691863
