model_name,concept_entropy
sd-1.1,0.4605229209452513
sd-1.4,0.6959593868990587
sd-2.1,0.7390455679291743
sdxl,0.9459096525101374
sdxl-turbo,0.9061846958473774
lcm-sdxl,0.975654483175922
sd-3,0.30764496176762646
flux-schnell,-0.0
flux-dev,0.13321848446568077
deepfloyd-m,0.7219280948873623
deepfloyd-l,0.7240772690898075
deepfloyd-xl,0.7307733235214544
