model_name,concept_entropy
sd-1.1,0.7643965557490336
sd-1.4,0.6784108058107273
sd-2.1,0.766928746070886
sdxl,0.6466876609219545
sdxl-turbo,0.4785834551557537
lcm-sdxl,0.506542551837878
sd-3,0.5117126906812653
flux-schnell,0.6007154462724255
flux-dev,0.5440686134636757
deepfloyd-m,0.7507014606158711
deepfloyd-l,0.735901597733644
deepfloyd-xl,0.656573537891099
