model_name,concept_entropy
sd-1.1,0.17283724380874885
sd-1.4,0.1137953589290637
sd-2.1,0.5805513137284102
sdxl,0.45833922694388496
sdxl-turbo,0.3140681870869526
lcm-sdxl,0.4529425481872832
sd-3,0.05818205445594167
flux-schnell,0.08426242877623302
flux-dev,0.2695900337336655
deepfloyd-m,0.5487791867822941
deepfloyd-l,0.39337768346574326
deepfloyd-xl,0.6545705368532839
