model_name,concept_entropy
sd-1.1,0.9536293156744908
sd-1.4,0.9038391603342226
sd-2.1,0.9917237451007053
sdxl,0.9840381167903282
sdxl-turbo,0.5364569347987529
lcm-sdxl,0.9051596073896242
sd-3,0.8900001662908495
flux-schnell,0.28753982375667
flux-dev,0.36811500542807735
deepfloyd-m,0.9835817315607832
deepfloyd-l,0.9726175070599865
deepfloyd-xl,0.8959141193396027
