model_name,concept_entropy
sd-1.1,0.28639695711595625
sd-1.4,0.499915958164528
sd-2.1,0.4689955935892812
sdxl,0.16866093149667025
sdxl-turbo,-0.0
lcm-sdxl,0.17738945318599736
sd-3,0.2647650339356807
flux-schnell,0.032230355211769486
flux-dev,-0.0
deepfloyd-m,0.6262751890741828
deepfloyd-l,0.2647650339356807
deepfloyd-xl,0.2720647864044614
