model_name,concept_entropy
sd-1.1,0.23851567134452054
sd-1.4,0.12902929058000678
sd-2.1,0.25752384202344303
sdxl,0.04976857818577661
sdxl-turbo,0.5471961331823127
lcm-sdxl,0.06155707966316687
sd-3,0.2758459074991437
flux-schnell,0.033075906123641245
flux-dev,0.01780951971622003
deepfloyd-m,0.32641298333958413
deepfloyd-l,0.22296097055064176
deepfloyd-xl,0.16675782032186745
