model_name,concept_entropy
sd-1.1,0.9806430860315738
sd-1.4,0.8614040752809784
sd-2.1,0.6416329897817084
sdxl,0.955058449566015
sdxl-turbo,0.7793498372920851
lcm-sdxl,0.974982444962256
sd-3,0.9687578369152352
flux-schnell,0.9637155629993702
flux-dev,0.8066146765930238
deepfloyd-m,0.9420365814945866
deepfloyd-l,0.974982444962256
deepfloyd-xl,0.7990485210442682
