model_name,concept_entropy
sd-1.1,0.34290288301320415
sd-1.4,0.18766625553752533
sd-2.1,0.2560128711693512
sdxl,0.3207930355475232
sdxl-turbo,0.10215803640865039
lcm-sdxl,0.2934350890051504
sd-3,0.1222915970693747
flux-schnell,0.17738945318599736
flux-dev,0.10215803640865039
deepfloyd-m,0.2720647864044614
deepfloyd-l,0.15069883184348942
deepfloyd-xl,0.218877726539011
