model_name,concept_entropy
sd-1.1,0.7877631310489941
sd-1.4,0.8271595195340525
sd-2.1,0.8508992618729713
sdxl,0.7673791239353236
sdxl-turbo,0.8433681432479102
lcm-sdxl,0.8062784457477695
sd-3,0.7746882956384471
flux-schnell,0.8119665116141823
flux-dev,0.7994769443871793
deepfloyd-m,0.8950843373590858
deepfloyd-l,0.8670090233481802
deepfloyd-xl,0.8659653498997097
