model_name,concept_entropy
sd-1.1,0.7284587526073204
sd-1.4,0.7382273032900523
sd-2.1,0.7437387656666781
sdxl,0.799274014923668
sdxl-turbo,0.6204104448150618
lcm-sdxl,0.7504451904095722
sd-3,0.6324233751830266
flux-schnell,0.6850748533906033
flux-dev,0.7257232712326654
deepfloyd-m,0.6635486312534646
deepfloyd-l,0.6976207816825181
deepfloyd-xl,0.7212280013314746
