model_name,concept_entropy
sd-1.1,0.7826575168119803
sd-1.4,0.6341484314830333
sd-2.1,0.9136858156678858
sdxl,0.9829732284918193
sdxl-turbo,0.9248187049730301
lcm-sdxl,0.8599530497177521
sd-3,0.9531971725430559
flux-schnell,0.9976824317031896
flux-dev,0.9097361225311662
deepfloyd-m,0.9658666887161
deepfloyd-l,0.9790514648094593
deepfloyd-xl,0.9738003694382252
