model_name,concept_entropy
sd-1.1,0.5869057213670924
sd-1.4,0.5918187589949058
sd-2.1,0.625623691237561
sdxl,0.6430651150407781
sdxl-turbo,0.5686115661248821
lcm-sdxl,0.5933347079696341
sd-3,0.5205310728638524
flux-schnell,0.5668833787677612
flux-dev,0.5241293812162888
deepfloyd-m,0.5825053498255983
deepfloyd-l,0.6241056888741167
deepfloyd-xl,0.6166242542209934
