model_name,concept_entropy
sd-1.1,0.5279447076917797
sd-1.4,0.694638301597281
sd-2.1,0.38890223229687704
sdxl,0.6914256422187607
sdxl-turbo,0.7597996874264836
lcm-sdxl,0.9502808721584279
sd-3,0.7446564574798825
flux-schnell,0.6069031875617534
flux-dev,0.584238811642856
deepfloyd-m,0.27996902514936806
deepfloyd-l,0.4389892310236515
deepfloyd-xl,0.3029983200071626
