model_name,concept_entropy
sd-1.1,0.6937421509738622
sd-1.4,0.9317974201258021
sd-2.1,0.9192534548782388
sdxl,0.836088966561505
sdxl-turbo,0.8184033299219706
lcm-sdxl,0.9392547207311598
sd-3,0.8383729377099397
flux-schnell,0.6775807218599569
flux-dev,0.980852619665955
deepfloyd-m,0.9525426096211703
deepfloyd-l,0.975617030221205
deepfloyd-xl,0.9924338770740488
