model_name,concept_entropy
sd-1.1,0.2124754544546512
sd-1.4,0.9932035659732626
sd-2.1,0.863120568566631
sdxl,0.9799366853875722
sdxl-turbo,0.8372897302712561
lcm-sdxl,0.9903424918755889
sd-3,0.8950879801705158
flux-schnell,0.6461380758647463
flux-dev,0.9658666887161
deepfloyd-m,0.8873172562752067
deepfloyd-l,0.8879213861899975
deepfloyd-xl,0.8853274542859281
