model_name,concept_entropy
sd-1.1,0.5882458963210314
sd-1.4,0.5967905288119323
sd-2.1,0.6292628101471642
sdxl,0.6358353837215964
sdxl-turbo,0.5914957198751116
lcm-sdxl,0.6488486321464546
sd-3,0.5675518771958129
flux-schnell,0.5892958507156225
flux-dev,0.5643192447838394
deepfloyd-m,0.6463030435380349
deepfloyd-l,0.667147010217177
deepfloyd-xl,0.676490609436525
