model_name,concept_entropy
sd-1.1,0.704675493284965
sd-1.4,0.6140236757616372
sd-2.1,0.6673011694923237
sdxl,0.6544527417480224
sdxl-turbo,0.5626968306568286
lcm-sdxl,0.8847509605676691
sd-3,0.7396838741567656
flux-schnell,0.6383897102077601
flux-dev,0.7394839877355744
deepfloyd-m,0.7426945779472364
deepfloyd-l,0.8011030080277738
deepfloyd-xl,0.8149952056154909
