model_name,concept_entropy
sd-1.1,0.7006314938496173
sd-1.4,0.6257709203995381
sd-2.1,0.6930632718228255
sdxl,0.696819254328664
sdxl-turbo,0.5884048038482924
lcm-sdxl,0.6787368636108306
sd-3,0.6168527100348765
flux-schnell,0.584482983845713
flux-dev,0.5564527025361808
deepfloyd-m,0.6702890037498124
deepfloyd-l,0.7190691597067906
deepfloyd-xl,0.6920626505130576
