model_name,concept_entropy
sd-1.1,0.7053958872275204
sd-1.4,0.7387663759101436
sd-2.1,0.5427709936563881
sdxl,0.8281624973587651
sdxl-turbo,0.7323569124505859
lcm-sdxl,0.6325612416676637
sd-3,0.6029503753062793
flux-schnell,0.5439891920206494
flux-dev,0.6199067737129974
deepfloyd-m,0.5401294324914334
deepfloyd-l,0.690011821395484
deepfloyd-xl,0.7585957322155329
