model_name,concept_entropy
sd-1.1,0.6405099785144869
sd-1.4,0.6747598433968116
sd-2.1,0.6277390081811169
sdxl,0.5441226243812683
sdxl-turbo,0.3878468035115632
lcm-sdxl,0.45314031475448224
sd-3,0.45015560150774203
flux-schnell,0.3705797380986176
flux-dev,0.347994412399696
deepfloyd-m,0.5519945906269783
deepfloyd-l,0.5864697169377279
deepfloyd-xl,0.5270569048542828
