model_name,concept_entropy
sd-1.1,0.4272238786365075
sd-1.4,0.3835348456630532
sd-2.1,0.33993873624448595
sdxl,0.30662712428710426
sdxl-turbo,0.2587043837263213
lcm-sdxl,0.3269221114650328
sd-3,0.229062770009885
flux-schnell,0.1863480618478173
flux-dev,0.19844642239660043
deepfloyd-m,0.3466496236805959
deepfloyd-l,0.3965208616403762
deepfloyd-xl,0.3572780670510233
