model_name,concept_entropy
sd-1.1,0.40530399232199443
sd-1.4,0.4644423011293455
sd-2.1,0.6522886857778407
sdxl,0.741801892477144
sdxl-turbo,0.7958911588016236
lcm-sdxl,0.73177309774896
sd-3,0.19816264645409856
flux-schnell,0.3766652979232893
flux-dev,0.4954363950609044
deepfloyd-m,0.6540341625510293
deepfloyd-l,0.6993823830368202
deepfloyd-xl,0.6704221909290013
