model_name,concept_entropy
sd-1.1,0.780905382751727
sd-1.4,0.7205860357565252
sd-2.1,0.6538779131271738
sdxl,0.42821197306148107
sdxl-turbo,0.21084230031853213
lcm-sdxl,0.5453252586238154
sd-3,0.1943918578315762
flux-schnell,0.09164995196224196
flux-dev,0.15129690565045956
deepfloyd-m,0.5760485074273431
deepfloyd-l,0.7102918143228145
deepfloyd-xl,0.599047193397373
