model_name,concept_entropy
sd-1.1,0.9360085258402433
sd-1.4,0.7377233060535822
sd-2.1,0.9346259892313147
sdxl,0.6745870417389817
sdxl-turbo,0.5222500851035352
lcm-sdxl,0.7211596758810066
sd-3,0.49652152070620803
flux-schnell,0.48977901368693755
flux-dev,0.2792744422444095
deepfloyd-m,0.9528588097297788
deepfloyd-l,0.8637709072419859
deepfloyd-xl,0.7871265862012691
