model_name,concept_entropy
sd-1.1,0.7894435877917302
sd-1.4,0.7928525606507257
sd-2.1,0.7473278137931432
sdxl,0.5524944683497351
sdxl-turbo,0.455397720192473
lcm-sdxl,0.3391673323190774
sd-3,0.48990424238294866
flux-schnell,0.12014435436964734
flux-dev,0.053649649525291505
deepfloyd-m,0.6691289320433772
deepfloyd-l,0.6726441420933247
deepfloyd-xl,0.5284714415514062
