model_name,concept_entropy
sd-1.1,0.5661979540849231
sd-1.4,0.89703695564136
sd-2.1,0.7138146621637208
sdxl,0.7872935356324747
sdxl-turbo,0.43646981706410287
lcm-sdxl,0.9097361225311662
sd-3,0.2573720095233589
flux-schnell,0.6241150092430214
flux-dev,0.581076903013918
deepfloyd-m,0.9980410170753575
deepfloyd-l,0.9687578369152352
deepfloyd-xl,0.9938689160952398
