model_name,concept_entropy
sd-1.1,0.8189183872925392
sd-1.4,0.6239292911637853
sd-2.1,0.5140618751589533
sdxl,0.8960407341248505
sdxl-turbo,0.47757582968651935
lcm-sdxl,0.47337772484159657
sd-3,0.6186612625893202
flux-schnell,0.3269389565635869
flux-dev,0.7066222672236857
deepfloyd-m,0.7794444878395975
deepfloyd-l,0.40397131430756206
deepfloyd-xl,0.49989913687435256
