model_name,concept_entropy
sd-1.1,0.6559420757694149
sd-1.4,0.24901304633236884
sd-2.1,0.03417642408659739
sdxl,0.8327019491052432
sdxl-turbo,0.0974398258756419
lcm-sdxl,-0.0
sd-3,0.44506485705083865
flux-schnell,-0.0
flux-dev,0.9936880382088245
deepfloyd-m,0.6840384356390417
deepfloyd-l,-0.0
deepfloyd-xl,-0.0
