model_name,concept_entropy
sd-1.1,0.9634823696759328
sd-1.4,0.9973341211111852
sd-2.1,0.9991709442878893
sdxl,0.837626824088439
sdxl-turbo,0.6222126380063133
lcm-sdxl,0.4851894193900198
sd-3,0.8643911292624488
flux-schnell,0.5942903833120305
flux-dev,0.18717625687320816
deepfloyd-m,0.8966554495712067
deepfloyd-l,0.914874501678887
deepfloyd-xl,0.5500823636049184
