model_name,concept_entropy
sd-1.1,0.5306774396078621
sd-1.4,0.5701553770595756
sd-2.1,0.6727701664653752
sdxl,0.49980950251603884
sdxl-turbo,0.5721032467202546
lcm-sdxl,0.5129433764516468
sd-3,0.4599843751212275
flux-schnell,0.3894817374321515
flux-dev,0.48016493019689477
deepfloyd-m,0.6695865033199075
deepfloyd-l,0.5787472770469915
deepfloyd-xl,0.5142878468228301
