model_name,concept_entropy
sd-1.1,0.5141753083879343
sd-1.4,0.5198723660112899
sd-2.1,0.342187081684405
sdxl,0.09177466873746423
sdxl-turbo,0.09164995196224196
lcm-sdxl,0.11236071009937675
sd-3,0.9215931596754896
flux-schnell,0.9285080008232174
flux-dev,0.6558237549166955
deepfloyd-m,0.3852200438057498
deepfloyd-l,0.9998708973656315
deepfloyd-xl,0.9031426674478871
