model_name,concept_entropy
sd-1.1,0.2809847847556727
sd-1.4,0.4259967247420436
sd-2.1,0.16099722009309675
sdxl,0.22493917646030676
sdxl-turbo,0.1514500582898894
lcm-sdxl,0.14666112174515547
sd-3,0.3123377451426685
flux-schnell,0.04232384890978351
flux-dev,0.02444386755406838
deepfloyd-m,0.11526386416949284
deepfloyd-l,0.17866733530750187
deepfloyd-xl,0.1230527946678308
