model_name,concept_entropy
sd-1.1,0.28145013731950697
sd-1.4,0.49076456528467016
sd-2.1,0.3611775896924009
sdxl,0.38874879404032103
sdxl-turbo,0.5359169327386298
lcm-sdxl,0.3764708950399533
sd-3,0.47440316718421016
flux-schnell,0.46287860649071044
flux-dev,0.40127552155015717
deepfloyd-m,0.4886745009340223
deepfloyd-l,0.42942093818377464
deepfloyd-xl,0.4697362689252306
