model_name,concept_entropy
sd-1.1,0.4233012794298799
sd-1.4,0.43364215242844495
sd-2.1,0.4588263753532339
sdxl,0.24349866502140596
sdxl-turbo,0.1991971703009708
lcm-sdxl,0.2790317060950336
sd-3,0.16521194967784722
flux-schnell,0.18888550155869754
flux-dev,0.2054761554384842
deepfloyd-m,0.4744627745599818
deepfloyd-l,0.433199523466972
deepfloyd-xl,0.3599726706165446
