model_name,concept_entropy
sd-1.1,0.8338673737320796
sd-1.4,0.7486996885630676
sd-2.1,0.37373509891900114
sdxl,0.11593297524102221
sdxl-turbo,0.14002697021750093
lcm-sdxl,0.04812398719396436
sd-3,0.7043479694380839
flux-schnell,0.6428669037836274
flux-dev,0.73980778922689
deepfloyd-m,0.8607083015128586
deepfloyd-l,0.8319605886589225
deepfloyd-xl,0.6972688157923281
