model_name,concept_entropy
sd-1.1,0.5184926189173259
sd-1.4,0.6113797669037635
sd-2.1,0.576303427293281
sdxl,0.357365492500485
sdxl-turbo,0.29809989119951347
lcm-sdxl,0.36423472043711846
sd-3,0.29405167346797123
flux-schnell,0.2547880241484638
flux-dev,0.34995747023083035
deepfloyd-m,0.5267404648998493
deepfloyd-l,0.5393517584317862
deepfloyd-xl,0.40011444726702017
