model_name,concept_entropy
sd-1.1,0.9487009410937057
sd-1.4,0.90641488319902
sd-2.1,0.9767428300775705
sdxl,0.9781100343888001
sdxl-turbo,0.9793834304820813
lcm-sdxl,0.7381467197648757
sd-3,0.5683160479920911
flux-schnell,0.46359969780169163
flux-dev,0.4998649187991897
deepfloyd-m,0.9723967774761655
deepfloyd-l,0.8397009130320934
deepfloyd-xl,0.8232440285922611
