model_name,concept_entropy
sd-1.1,0.992880496322282
sd-1.4,0.9999904614993693
sd-2.1,0.9311540951784493
sdxl,0.9876925088958034
sdxl-turbo,0.9142414456093528
lcm-sdxl,0.9481691475882952
sd-3,0.928019819268527
flux-schnell,0.4794738199967975
flux-dev,0.7158772126250337
deepfloyd-m,0.8540648077865258
deepfloyd-l,0.7782597456619809
deepfloyd-xl,0.9441909518683063
