model_name,concept_entropy
sd-1.1,0.9552751009754171
sd-1.4,0.9882836109919162
sd-2.1,0.7965183280373872
sdxl,0.9899041423677777
sdxl-turbo,0.9721439323621084
lcm-sdxl,0.9372010983900426
sd-3,0.9957274520849255
flux-schnell,0.931055823385033
flux-dev,0.9962794989934696
deepfloyd-m,0.9976092457726025
deepfloyd-l,0.7932995338743278
deepfloyd-xl,0.8564052389131376
