model_name,concept_entropy
sd-1.1,0.9479989372454162
sd-1.4,0.9554593209128196
sd-2.1,0.9213107667213375
sdxl,0.9033322313026593
sdxl-turbo,0.8637057810956966
lcm-sdxl,0.7831354388110746
sd-3,0.5930205395088276
flux-schnell,0.5171930638679539
flux-dev,0.5415034134221005
deepfloyd-m,0.9394041677726467
deepfloyd-l,0.8392304874825015
deepfloyd-xl,0.8810537427276234
