model_name,concept_entropy
sd-1.1,0.8090652454630876
sd-1.4,0.8824094706875522
sd-2.1,0.5860782996235411
sdxl,0.9693666295608069
sdxl-turbo,0.9996072307052746
lcm-sdxl,0.9264046681474138
sd-3,0.7721551435804814
flux-schnell,0.9454153653108376
flux-dev,0.9603622703154779
deepfloyd-m,0.9519432128550236
deepfloyd-l,0.9455372911036455
deepfloyd-xl,0.9025598027825421
