model_name,concept_entropy
sd-1.1,0.5654972295633556
sd-1.4,0.45599506450037275
sd-2.1,0.6160174816201088
sdxl,0.7011167620708147
sdxl-turbo,0.6281836192047079
lcm-sdxl,0.576102307127466
sd-3,0.34037328575964604
flux-schnell,0.221079104991113
flux-dev,0.06476352627038284
deepfloyd-m,0.5338530911220092
deepfloyd-l,0.5962700627641006
deepfloyd-xl,0.6249796920296886
