model_name,concept_entropy
sd-1.1,0.41532440619984534
sd-1.4,0.672994658148884
sd-2.1,0.8389441163951745
sdxl,0.9061846958473774
sdxl-turbo,0.8912402011913028
lcm-sdxl,0.99819587904281
sd-3,0.32840071392894665
flux-schnell,0.9979471932237238
flux-dev,0.9885852466276136
deepfloyd-m,0.6227086523713072
deepfloyd-l,0.550171614820646
deepfloyd-xl,0.9205278959726506
