model_name,concept_entropy
sd-1.1,0.09488275742641124
sd-1.4,0.09666407299459491
sd-2.1,0.23760992826351718
sdxl,0.24383123616254787
sdxl-turbo,0.15976788116214136
lcm-sdxl,0.1441150013155948
sd-3,0.01807061710077946
flux-schnell,0.03260036713734486
flux-dev,-0.0
deepfloyd-m,0.17253140721062607
deepfloyd-l,0.19194814619821673
deepfloyd-xl,0.1466996971509945
