model_name,concept_entropy
sd-1.1,0.975073228716076
sd-1.4,0.9411562486472485
sd-2.1,0.9597213182639521
sdxl,0.9996363273716342
sdxl-turbo,0.9699673041397683
lcm-sdxl,0.9719252388147402
sd-3,0.9520890193411204
flux-schnell,0.9043814577244937
flux-dev,0.9950356728495204
deepfloyd-m,0.954588174035145
deepfloyd-l,0.9703464321140103
deepfloyd-xl,0.9701613259385637
