model_name,concept_entropy
sd-1.1,0.9997303922104936
sd-1.4,0.9956670028378451
sd-2.1,0.9695480192184588
sdxl,0.9539667312137246
sdxl-turbo,0.9681165537317868
lcm-sdxl,0.9205391617595015
sd-3,0.9959674898586983
flux-schnell,0.819878297184407
flux-dev,0.6152538910563409
deepfloyd-m,0.9038547934964386
deepfloyd-l,0.8161164971513178
deepfloyd-xl,0.6437088369180541
