model_name,concept_entropy
sd-1.1,0.9200311567265076
sd-1.4,0.8561146277685723
sd-2.1,0.9627928676985256
sdxl,0.9984284947115638
sdxl-turbo,0.8508690563550583
lcm-sdxl,0.9978095230969873
sd-3,0.4308820978969176
flux-schnell,0.44801013901083214
flux-dev,0.48464773973144537
deepfloyd-m,0.8416571792765025
deepfloyd-l,0.8328032625272153
deepfloyd-xl,0.814705548656723
