model_name,concept_entropy
sd-1.1,0.865625719913365
sd-1.4,0.6522805833218106
sd-2.1,0.3981004355342781
sdxl,0.4641331061829145
sdxl-turbo,0.1886547696055125
lcm-sdxl,0.5410344988893451
sd-3,0.6212866336080365
flux-schnell,0.2885385136944104
flux-dev,0.3410481735941318
deepfloyd-m,0.35435784311018487
deepfloyd-l,0.7111806626974717
deepfloyd-xl,0.395916170699594
