model_name,concept_entropy
sd-1.1,0.7587981080917867
sd-1.4,0.8090977169365824
sd-2.1,0.6747323584057238
sdxl,0.6837095477805488
sdxl-turbo,0.7866261099706012
lcm-sdxl,0.8414646362081757
sd-3,0.8833186883590667
flux-schnell,0.9243057139990172
flux-dev,0.8729882944709463
deepfloyd-m,0.47506212930487435
deepfloyd-l,0.7860739936936606
deepfloyd-xl,0.7531979910695014
