model_name,concept_entropy
sd-1.1,0.7243549588147802
sd-1.4,0.811735075121796
sd-2.1,0.7637353399716853
sdxl,0.7364494099700266
sdxl-turbo,0.6527018908099191
lcm-sdxl,0.6087607131800203
sd-3,0.6465312903706671
flux-schnell,0.524822654584285
flux-dev,0.5298562531035622
deepfloyd-m,0.7520289981665639
deepfloyd-l,0.5812627449577923
deepfloyd-xl,0.7764213744863286
