model_name,concept_entropy
sd-1.1,0.9986130803087858
sd-1.4,0.9465390973806377
sd-2.1,0.9012227136558111
sdxl,0.907525068754045
sdxl-turbo,0.7721551435804814
lcm-sdxl,0.7424875695421236
sd-3,0.6028093022709381
flux-schnell,0.7691928290130138
flux-dev,0.6693961394265019
deepfloyd-m,0.8050822479576725
deepfloyd-l,0.8299524341722848
deepfloyd-xl,0.8288258747773345
