model_name,concept_entropy
sd-1.1,0.5564215672884281
sd-1.4,0.47543164626872064
sd-2.1,0.2952691170382579
sdxl,0.12795721752199724
sdxl-turbo,0.15069883184348942
lcm-sdxl,0.17203694935311378
sd-3,-0.0
flux-schnell,0.0455423545854454
flux-dev,0.22474036695139357
deepfloyd-m,0.5501000204255359
deepfloyd-l,0.6574587436481462
deepfloyd-xl,0.5649141512875931
