model_name,concept_entropy
sd-1.1,0.9085904426097351
sd-1.4,0.9886130806547064
sd-2.1,0.9331343166407831
sdxl,0.9626147059982517
sdxl-turbo,0.9626147059982517
lcm-sdxl,0.9719171868727204
sd-3,0.8665585600973763
flux-schnell,0.9993506898146103
flux-dev,0.9929903016992718
deepfloyd-m,0.9808170408615934
deepfloyd-l,0.9491027830698013
deepfloyd-xl,0.9166031246750748
