model_name,concept_entropy
sd-1.1,0.5808147216810717
sd-1.4,0.6388678642349416
sd-2.1,0.6144210314252005
sdxl,0.5778612331904984
sdxl-turbo,0.6023396782192179
lcm-sdxl,0.5863368579041756
sd-3,0.3963136767176708
flux-schnell,0.537045573269372
flux-dev,0.49523340327370285
deepfloyd-m,0.5636721869768662
deepfloyd-l,0.5466695208433394
deepfloyd-xl,0.5689721581802708
