model_name,concept_entropy
sd-1.1,0.9450920042569881
sd-1.4,0.9405686517159092
sd-2.1,0.7993251532090138
sdxl,0.9091241531524533
sdxl-turbo,0.9007196798623593
lcm-sdxl,0.9134069634348374
sd-3,0.9440579566330299
flux-schnell,0.6566068193782895
flux-dev,0.7613658566932633
deepfloyd-m,0.6537952204874595
deepfloyd-l,0.5940101094859536
deepfloyd-xl,0.6551373158472272
