model_name,concept_entropy
sd-1.1,0.8191941802847926
sd-1.4,0.8225036858918384
sd-2.1,0.7433537939987156
sdxl,0.745286079350786
sdxl-turbo,0.6692860930338123
lcm-sdxl,0.7219697407836743
sd-3,0.679421714751437
flux-schnell,0.5226650795976022
flux-dev,0.5365125404306242
deepfloyd-m,0.7444402118360842
deepfloyd-l,0.6772877067603831
deepfloyd-xl,0.6646187475721199
