model_name,concept_entropy
sd-1.1,0.6823018937850247
sd-1.4,0.6867564071200949
sd-2.1,0.9771340293867935
sdxl,0.9495915969847997
sdxl-turbo,0.9732461532581673
lcm-sdxl,0.9999978333281825
sd-3,0.6970987920874042
flux-schnell,0.7705331674232696
flux-dev,0.9389320105807948
deepfloyd-m,0.9225101814487979
deepfloyd-l,0.9124101759827645
deepfloyd-xl,0.9488687290848513
