model_name,concept_entropy
sd-1.1,0.9958178020961963
sd-1.4,0.9994547530343043
sd-2.1,0.7835634265101372
sdxl,0.7009347612354906
sdxl-turbo,0.3542076678499759
lcm-sdxl,0.7944663727745308
sd-3,0.9346660133601628
flux-schnell,0.2647650339356807
flux-dev,0.7624784382439352
deepfloyd-m,0.458904616342673
deepfloyd-l,0.23613428505254158
deepfloyd-xl,0.2706665842076862
