model_name,concept_entropy
sd-1.1,0.5498637764723746
sd-1.4,0.5804826639134281
sd-2.1,0.5674835300712125
sdxl,0.470428116611208
sdxl-turbo,0.42991264839766563
lcm-sdxl,0.47876878018652275
sd-3,0.4138925087526918
flux-schnell,0.34303336200186185
flux-dev,0.42944345240073806
deepfloyd-m,0.5042890036685497
deepfloyd-l,0.4940358248495251
deepfloyd-xl,0.4853618584213237
