model_name,concept_entropy
sd-1.1,0.7393993889128873
sd-1.4,0.5842235554317153
sd-2.1,0.7202202666218613
sdxl,0.6276009485733733
sdxl-turbo,0.09014920604412717
lcm-sdxl,0.43590508162525715
sd-3,0.635017041131746
flux-schnell,0.6865862564302135
flux-dev,0.47173293025037927
deepfloyd-m,0.5984230811379968
deepfloyd-l,0.538029059351024
deepfloyd-xl,0.514040047566009
