model_name,concept_entropy
sd-1.1,0.07201647168541384
sd-1.4,0.16162860053306702
sd-2.1,0.13844881341536314
sdxl,0.47801774938922637
sdxl-turbo,0.36592365090022316
lcm-sdxl,0.5871514187175606
sd-3,0.032230355211769486
flux-schnell,-0.0
flux-dev,0.10215803640865039
deepfloyd-m,0.4031212483432094
deepfloyd-l,0.3211836980542391
deepfloyd-xl,0.4262286569981449
