model_name,concept_entropy
sd-1.1,0.9759788371608423
sd-1.4,0.9963831228116022
sd-2.1,0.9469535565471148
sdxl,0.9821846082681008
sdxl-turbo,0.8267463724926178
lcm-sdxl,0.9550670315227099
sd-3,0.8267463724926178
flux-schnell,0.9025598027825421
flux-dev,0.8912402011913028
deepfloyd-m,0.9025598027825421
deepfloyd-l,0.9345888089665579
deepfloyd-xl,0.9925061723733415
