model_name,concept_entropy
sd-1.1,0.9629807684352605
sd-1.4,0.7028109749676235
sd-2.1,0.9541168689672265
sdxl,0.9759803734482
sdxl-turbo,0.9972459561235014
lcm-sdxl,0.7553754125614287
sd-3,0.8729882944709463
flux-schnell,0.9837082626231859
flux-dev,0.934068055375491
deepfloyd-m,0.8027381019527041
deepfloyd-l,0.7743169626060635
deepfloyd-xl,0.7963725547369538
