model_name,concept_entropy
sd-1.1,0.7792009191843842
sd-1.4,0.8188760972703089
sd-2.1,0.7861778871964327
sdxl,0.829602107487606
sdxl-turbo,0.7761508895293344
lcm-sdxl,0.8435786519201152
sd-3,0.6671984278246936
flux-schnell,0.6675943445514293
flux-dev,0.7399707115476758
deepfloyd-m,0.7897124789237382
deepfloyd-l,0.728887017855381
deepfloyd-xl,0.7360544306202469
