model_name,concept_entropy
sd-1.1,0.9962886433132356
sd-1.4,0.955075852652301
sd-2.1,0.9999656906901914
sdxl,0.9938689160952398
sdxl-turbo,0.9889995147589445
lcm-sdxl,0.8974643418175923
sd-3,0.9945750754783548
flux-schnell,0.985327282408452
flux-dev,0.9816561349935312
deepfloyd-m,0.9961710474604895
deepfloyd-l,0.9603427933690749
deepfloyd-xl,0.9194066291624576
