model_name,concept_entropy
sd-1.1,0.835280827210675
sd-1.4,0.8553213062620909
sd-2.1,0.8976954429098307
sdxl,0.8625693842178123
sdxl-turbo,0.7587839793860752
lcm-sdxl,0.8243369376160851
sd-3,0.7167481292306002
flux-schnell,0.8297251469599413
flux-dev,0.8421320999290284
deepfloyd-m,0.8163874661963472
deepfloyd-l,0.825326691913661
deepfloyd-xl,0.84743169497168
