model_name,concept_entropy
sd-1.1,0.9706867927919853
sd-1.4,0.8425337389664467
sd-2.1,0.7993041688447884
sdxl,0.2833339769416988
sdxl-turbo,0.13719890774549015
lcm-sdxl,0.316961192769403
sd-3,0.17701944962702287
flux-schnell,0.44279152682173467
flux-dev,0.570574154984287
deepfloyd-m,0.5374532272077724
deepfloyd-l,0.4244486994112938
deepfloyd-xl,0.23768776385601728
