model_name,concept_entropy
sd-1.1,0.9810812312686239
sd-1.4,0.9401325110939336
sd-2.1,0.7879679260332384
sdxl,0.27728912219209106
sdxl-turbo,0.07020704793855152
lcm-sdxl,0.4298536291695216
sd-3,0.2297171451158477
flux-schnell,0.5626458793420497
flux-dev,0.6682638663446324
deepfloyd-m,0.7276360893106544
deepfloyd-l,0.564570494808675
deepfloyd-xl,0.27156428277664724
