model_name,concept_entropy
sd-1.1,0.9232743438136404
sd-1.4,0.6101164499707503
sd-2.1,0.6889019135421989
sdxl,0.24229218908241482
sdxl-turbo,0.24165613086288
lcm-sdxl,0.2678166749086264
sd-3,0.017783851361743246
flux-schnell,0.09177466873746423
flux-dev,0.05777796017013378
deepfloyd-m,0.47272636542770374
deepfloyd-l,0.32357340940010765
deepfloyd-xl,0.2124754544546512
