model_name,concept_entropy
sd-1.1,0.7253014114362907
sd-1.4,0.6599911024080981
sd-2.1,0.7656337650117584
sdxl,0.688730959881823
sdxl-turbo,0.5161683689164901
lcm-sdxl,0.6707502667235129
sd-3,0.45095413885883123
flux-schnell,0.5619817713345114
flux-dev,0.4334231023500957
deepfloyd-m,0.7208824032608836
deepfloyd-l,0.7550409561715374
deepfloyd-xl,0.7789264012780881
