model_name,concept_entropy
sd-1.1,0.8041321951916105
sd-1.4,0.8886123885338341
sd-2.1,0.7540737068547984
sdxl,0.8039502214553518
sdxl-turbo,0.7006986533654955
lcm-sdxl,0.6454400182371208
sd-3,0.5157991498987252
flux-schnell,0.5989082856668593
flux-dev,0.5007787462748915
deepfloyd-m,0.5780367594968697
deepfloyd-l,0.5244535064906449
deepfloyd-xl,0.5938208777438544
