model_name,concept_entropy
sd-1.1,0.8128529591464271
sd-1.4,0.8242815821558391
sd-2.1,0.5091196137094662
sdxl,0.6455551641807651
sdxl-turbo,0.4314282080015141
lcm-sdxl,0.2848331616340989
sd-3,0.49473957751625974
flux-schnell,0.226794457003526
flux-dev,-0.0
deepfloyd-m,0.08112608570492466
deepfloyd-l,0.10944579608881942
deepfloyd-xl,0.1326835468540929
