model_name,concept_entropy
sd-1.1,0.93874741401949
sd-1.4,0.8797166558063821
sd-2.1,0.8619174592763417
sdxl,0.7958283928290315
sdxl-turbo,0.6875879293129238
lcm-sdxl,0.6787341547953544
sd-3,0.41342159045827004
flux-schnell,0.578087507001015
flux-dev,0.6587935163588564
deepfloyd-m,0.7458773578916568
deepfloyd-l,0.46799651839334017
deepfloyd-xl,0.6488129273026277
