model_name,concept_entropy
sd-1.1,0.5435644431995964
sd-1.4,0.5612294270509872
sd-2.1,0.6087878344115575
sdxl,0.8145689194667597
sdxl-turbo,0.8560869565713682
lcm-sdxl,0.8884359559455016
sd-3,0.9995476039380176
flux-schnell,0.45345808390533204
flux-dev,0.999604598852091
deepfloyd-m,0.9249821890456982
deepfloyd-l,0.8316079995401411
deepfloyd-xl,0.989082774726478
