model_name,concept_entropy
sd-1.1,0.3806766127065658
sd-1.4,0.3575150890455775
sd-2.1,0.7759080293465888
sdxl,0.552242707738531
sdxl-turbo,0.4420086022277248
lcm-sdxl,0.47115563799705895
sd-3,0.19464296181383928
flux-schnell,0.11281549014794888
flux-dev,0.1869323110711821
deepfloyd-m,0.06137371327855967
deepfloyd-l,0.10573955028000925
deepfloyd-xl,0.172730065629295
