model_name,concept_entropy
sd-1.1,0.7877607602418571
sd-1.4,0.7798721820803624
sd-2.1,0.750359767181316
sdxl,0.8436203200192653
sdxl-turbo,0.8233219293716503
lcm-sdxl,0.8478935191686281
sd-3,0.6692948652853739
flux-schnell,0.7298189069577764
flux-dev,0.7733518778989621
deepfloyd-m,0.6448400064162663
deepfloyd-l,0.5229233795426785
deepfloyd-xl,0.549083275695568
