model_name,concept_entropy
sd-1.1,0.8985080216866009
sd-1.4,0.8846293067903075
sd-2.1,0.7798001970338378
sdxl,0.7158772126250337
sdxl-turbo,0.6628052056219802
lcm-sdxl,0.9234426867828271
sd-3,0.8577118334973968
flux-schnell,0.6303074079971902
flux-dev,0.6241150092430214
deepfloyd-m,0.483264675286321
deepfloyd-l,0.5111307746451458
deepfloyd-xl,0.49012536781986993
