model_name,concept_entropy
sd-1.1,0.6505166504346332
sd-1.4,0.6751873475836487
sd-2.1,0.685581903549738
sdxl,0.6996435268268447
sdxl-turbo,0.6662900226205667
lcm-sdxl,0.7665803829696697
sd-3,0.7873484324860804
flux-schnell,0.5697623816967251
flux-dev,0.6754126228550141
deepfloyd-m,0.6486469184339673
deepfloyd-l,0.6563610515282845
deepfloyd-xl,0.6617505911211637
