model_name,concept_entropy
sd-1.1,0.16002619697961795
sd-1.4,0.2619474766731573
sd-2.1,0.4181918539524168
sdxl,0.41041614171818885
sdxl-turbo,0.17831739259527896
lcm-sdxl,0.2821415115402364
sd-3,0.3211836980542391
flux-schnell,0.2657608487051518
flux-dev,0.1423831545238046
deepfloyd-m,0.18791231469228617
deepfloyd-l,0.3372900666170139
deepfloyd-xl,0.25634477409913614
