model_name,concept_entropy
sd-1.1,0.9877214653362406
sd-1.4,0.9406152723419612
sd-2.1,0.9865446300055644
sdxl,0.859911182519508
sdxl-turbo,0.481593898588438
lcm-sdxl,0.9848834042585533
sd-3,0.9899041423677777
flux-schnell,0.42397859285435996
flux-dev,0.5213432851990322
deepfloyd-m,0.7557915067251019
deepfloyd-l,0.6981245731396178
deepfloyd-xl,0.5999108763872214
