model_name,concept_entropy
sd-1.1,0.1433046008068377
sd-1.4,0.13463166264714202
sd-2.1,0.2466566974572851
sdxl,0.13232952259173228
sdxl-turbo,0.050556933576743124
lcm-sdxl,0.16702680404522807
sd-3,0.04672709003112947
flux-schnell,-0.0
flux-dev,-0.0
deepfloyd-m,0.23609320336076794
deepfloyd-l,0.21841822659714877
deepfloyd-xl,0.19590927087360493
