model_name,concept_entropy
sd-1.1,0.13303964861069895
sd-1.4,0.08956495698835981
sd-2.1,0.14450614339047504
sdxl,0.15109697051711368
sdxl-turbo,0.1933635443781448
lcm-sdxl,0.7342322767875178
sd-3,0.07181044606025627
flux-schnell,0.1610358865962735
flux-dev,0.06249197532681508
deepfloyd-m,0.6830343518380153
deepfloyd-l,0.4421040031193134
deepfloyd-xl,0.39028197470906995
