model_name,concept_entropy
sd-1.1,0.25160254784751956
sd-1.4,0.3687664489832725
sd-2.1,0.43122562471952286
sdxl,0.2576948905360731
sdxl-turbo,0.15190020554173297
lcm-sdxl,0.9292008907675238
sd-3,0.31302699211114593
flux-schnell,0.4919701048805627
flux-dev,0.30257285166486536
deepfloyd-m,0.20425841943935635
deepfloyd-l,0.4053249841274157
deepfloyd-xl,0.47817137338289534
