model_name,concept_entropy
sd-1.1,0.8099846801184039
sd-1.4,0.8421624153191446
sd-2.1,0.6501058937815987
sdxl,0.6625644691382838
sdxl-turbo,0.6362246357124288
lcm-sdxl,0.557816690841453
sd-3,0.8113744209052302
flux-schnell,0.5892317430931814
flux-dev,0.37861685804577744
deepfloyd-m,0.7243472946622243
deepfloyd-l,0.6029076584064818
deepfloyd-xl,0.6886690705719205
