model_name,concept_entropy
sd-1.1,0.6128632570965987
sd-1.4,0.599919573222705
sd-2.1,0.549536652794734
sdxl,0.553884502843681
sdxl-turbo,0.5453640027151521
lcm-sdxl,0.524939730891197
sd-3,0.6094178157801186
flux-schnell,0.5353076989770548
flux-dev,0.45846949667580467
deepfloyd-m,0.5746979896772896
deepfloyd-l,0.5341877610671726
deepfloyd-xl,0.5535976857174795
