model_name,concept_entropy
sd-1.1,0.9564851257272063
sd-1.4,0.9575963043489703
sd-2.1,0.9985040646026033
sdxl,0.999089039392759
sdxl-turbo,0.9998673724330274
lcm-sdxl,0.999192982115918
sd-3,0.9990951750733824
flux-schnell,0.9987261494308297
flux-dev,0.9967916319816366
deepfloyd-m,0.9997466743696445
deepfloyd-l,0.9996556247950359
deepfloyd-xl,0.9721239865805178
