model_name,concept_entropy
sd-1.1,0.5909410586678335
sd-1.4,0.3075860502825771
sd-2.1,0.19771290214172726
sdxl,0.17808440882254167
sdxl-turbo,0.05785829357975894
lcm-sdxl,0.1695469126397471
sd-3,0.0
flux-schnell,0.0
flux-dev,0.0
deepfloyd-m,0.28046750269234444
deepfloyd-l,0.21385788635984548
deepfloyd-xl,0.28817912669245493
