model_name,concept_entropy
sd-1.1,0.8972728252729809
sd-1.4,0.9575963043489703
sd-2.1,0.9976193367602794
sdxl,0.9920195751136731
sdxl-turbo,0.9858150371789198
lcm-sdxl,0.8873481431539967
sd-3,0.8165187119538281
flux-schnell,0.9996072307052746
flux-dev,0.8833186883590667
deepfloyd-m,0.4516228221820041
deepfloyd-l,0.656193812301601
deepfloyd-xl,0.7232638720445599
