model_name,concept_entropy
sd-1.1,0.5589630410358255
sd-1.4,0.659559264945089
sd-2.1,0.7277259979270279
sdxl,0.6773153163167912
sdxl-turbo,0.6722124672154802
lcm-sdxl,0.4542577678898734
sd-3,0.20606125710177034
flux-schnell,0.46154784694123374
flux-dev,0.267716442497311
deepfloyd-m,0.571787190425459
deepfloyd-l,0.6641551898860485
deepfloyd-xl,0.5758062094514483
