model_name,concept_entropy
sd-1.1,0.9954515828457715
sd-1.4,0.9366673818775626
sd-2.1,0.8419783133092735
sdxl,0.8943777851270684
sdxl-turbo,0.5993142373098092
lcm-sdxl,0.8354517724192136
sd-3,0.32744491915447627
flux-schnell,0.47543164626872064
flux-dev,0.4273311286867573
deepfloyd-m,0.6073249333123335
deepfloyd-l,0.6581912658132185
deepfloyd-xl,0.4728730490637536
