model_name,concept_entropy
sd-1.1,0.7288502142447376
sd-1.4,0.9983755992731869
sd-2.1,0.7148547998962232
sdxl,0.4505840590319281
sdxl-turbo,0.4262286569981449
lcm-sdxl,0.3960214144515063
sd-3,0.36096590078974383
flux-schnell,0.35335933502142136
flux-dev,0.520271356904867
deepfloyd-m,0.7272559536855638
deepfloyd-l,0.7692682984007835
deepfloyd-xl,0.8172566713361641
