model_name,concept_entropy
sd-1.1,0.034596386802422566
sd-1.4,0.03327031774155792
sd-2.1,0.07140219969504735
sdxl,0.10299333512494557
sdxl-turbo,0.07020704793855152
lcm-sdxl,0.9309677774885705
sd-3,0.017861094136750987
flux-schnell,0.01801774639237144
flux-dev,-0.0
deepfloyd-m,-0.0
deepfloyd-l,-0.0
deepfloyd-xl,-0.0
