model_name,concept_entropy
sd-1.1,0.8002676706443409
sd-1.4,0.7986334881429047
sd-2.1,0.8090178471266385
sdxl,0.7460673626961162
sdxl-turbo,0.6324494913598565
lcm-sdxl,0.7231428445635011
sd-3,0.4541540416850258
flux-schnell,0.611834477352488
flux-dev,0.5861617786218821
deepfloyd-m,0.7955879529034028
deepfloyd-l,0.7593315290790237
deepfloyd-xl,0.7218854542511355
