model_name,concept_entropy
sd-1.1,0.06071134698509485
sd-1.4,0.028193633007366676
sd-2.1,0.019354468864735873
sdxl,0.08561717294315441
sdxl-turbo,0.046525041106456166
lcm-sdxl,0.18155385536832616
sd-3,-0.0
flux-schnell,-0.0
flux-dev,-0.0
deepfloyd-m,0.047624942129031324
deepfloyd-l,0.018905381607614687
deepfloyd-xl,0.032694298886860707
