model_name,concept_entropy
sd-1.1,0.716731865126709
sd-1.4,0.7212208179310684
sd-2.1,0.9968134736533336
sdxl,0.8539634987612587
sdxl-turbo,0.9384543826025636
lcm-sdxl,0.7480881057801531
sd-3,0.5754420948286846
flux-schnell,0.9822217784253526
flux-dev,0.9454153653108376
deepfloyd-m,0.8299040311410424
deepfloyd-l,0.773902728693959
deepfloyd-xl,0.9295231861792264
