model_name,concept_entropy
sd-1.1,0.7070040649747601
sd-1.4,0.9481252507895271
sd-2.1,0.8699333980353929
sdxl,0.5996706953088591
sdxl-turbo,0.5148156530047155
lcm-sdxl,0.6147884902023688
sd-3,0.557438185027989
flux-schnell,0.49486822993554413
flux-dev,0.5482251174503202
deepfloyd-m,0.8350008894831316
deepfloyd-l,0.8861902329620115
deepfloyd-xl,0.8750927867718321
