model_name,concept_entropy
sd-1.1,0.12416061383892024
sd-1.4,0.3120895659343452
sd-2.1,0.9127649091542955
sdxl,0.9146698281150899
sdxl-turbo,0.44506485705083865
lcm-sdxl,0.9342291587152791
sd-3,0.7338256738033287
flux-schnell,0.8444905655059718
flux-dev,0.49012536781986993
deepfloyd-m,0.3984592740952357
deepfloyd-l,0.22567670802875628
deepfloyd-xl,0.6286025271483509
