model_name,concept_entropy
sd-1.1,0.7319456611000434
sd-1.4,0.7597462395406676
sd-2.1,0.7691698803705067
sdxl,0.6865068913258864
sdxl-turbo,0.6830651193722803
lcm-sdxl,0.7248669775978592
sd-3,0.366921275955156
flux-schnell,0.45451877178068284
flux-dev,0.4705284820083325
deepfloyd-m,0.8305184602053467
deepfloyd-l,0.7391584293595764
deepfloyd-xl,0.8010300151939115
