model_name,concept_entropy
sd-1.1,0.5633359137314253
sd-1.4,0.5418508631128216
sd-2.1,0.5899902937867971
sdxl,0.4955397747898258
sdxl-turbo,0.5493662426270315
lcm-sdxl,0.46946205575628797
sd-3,0.46059187672310226
flux-schnell,0.3258270941262743
flux-dev,0.3971501817476882
deepfloyd-m,0.6137458626088376
deepfloyd-l,0.5873389258438699
deepfloyd-xl,0.5551392574243924
