model_name,concept_entropy
sd-1.1,0.05757440681211983
sd-1.4,0.17428828750621175
sd-2.1,0.15626128885130228
sdxl,0.036657490549264364
sdxl-turbo,0.011220360957216095
lcm-sdxl,0.22701117636125714
sd-3,0.0112854411047355
flux-schnell,0.06795902890970877
flux-dev,0.011451719805710445
deepfloyd-m,0.22845294469928523
deepfloyd-l,0.2541227892922891
deepfloyd-xl,0.2781068037341044
