model_name,concept_entropy
sd-1.1,0.6954512860856774
sd-1.4,0.6592626812939929
sd-2.1,0.7349292165811177
sdxl,0.7474212060578947
sdxl-turbo,0.7646903108968636
lcm-sdxl,0.7415836326822329
sd-3,0.7134808762935928
flux-schnell,0.704790508404737
flux-dev,0.6730634761196613
deepfloyd-m,0.7708106873773303
deepfloyd-l,0.6843321316161008
deepfloyd-xl,0.7667619863230773
