model_name,concept_entropy
sd-1.1,0.7906010240766121
sd-1.4,0.6403614231587021
sd-2.1,0.4857324372920061
sdxl,0.40993537645348105
sdxl-turbo,0.19672321800918252
lcm-sdxl,0.14431028218639022
sd-3,0.18596347886730552
flux-schnell,0.9519432128550236
flux-dev,0.6800770457282799
deepfloyd-m,0.3992614472634358
deepfloyd-l,0.39450142898352236
deepfloyd-xl,0.6075300086412379
