model_name,concept_entropy
sd-1.1,0.6727775208432104
sd-1.4,0.5806237423929969
sd-2.1,0.45130583944199837
sdxl,0.4156784198070505
sdxl-turbo,0.1914986318623752
lcm-sdxl,0.4577267523920443
sd-3,0.3582885832362416
flux-schnell,0.347995941950008
flux-dev,0.3862514278968403
deepfloyd-m,0.4414915305471238
deepfloyd-l,0.5865685079256883
deepfloyd-xl,0.474281759728677
