model_name,concept_entropy
sd-1.1,0.703464505532043
sd-1.4,0.5540346581770178
sd-2.1,0.14144054254182067
sdxl,0.16866093149667025
sdxl-turbo,0.2720647864044614
lcm-sdxl,0.6538779131271738
sd-3,0.6615032422353346
flux-schnell,0.11236071009937675
flux-dev,0.226794457003526
deepfloyd-m,0.06952964699480783
deepfloyd-l,0.16018811016008405
deepfloyd-xl,0.06952964699480783
