model_name,concept_entropy
sd-1.1,0.8059160058820936
sd-1.4,0.9210854570549323
sd-2.1,0.7857837131679319
sdxl,0.9932488708862248
sdxl-turbo,0.1599776929987939
lcm-sdxl,0.8656340554272556
sd-3,0.226794457003526
flux-schnell,0.5004696216564006
flux-dev,0.8729882944709463
deepfloyd-m,0.9953784388202257
deepfloyd-l,0.9745465914466327
deepfloyd-xl,0.9210715204383164
