model_name,concept_entropy
sd-1.1,0.9513618804098019
sd-1.4,0.973056810401783
sd-2.1,0.9560478329270625
sdxl,0.8842519414405878
sdxl-turbo,0.5254506799086206
lcm-sdxl,0.7513379420440489
sd-3,0.616748259826391
flux-schnell,0.9327575201626863
flux-dev,0.8314743880097293
deepfloyd-m,0.6662998308582158
deepfloyd-l,0.9633786359614345
deepfloyd-xl,0.905200296956048
