model_name,concept_entropy
sd-1.1,0.39326030917485216
sd-1.4,0.4566109495322397
sd-2.1,0.4849891256021568
sdxl,0.481013379963998
sdxl-turbo,0.5166387684274949
lcm-sdxl,0.47357800157830277
sd-3,0.3360527563206279
flux-schnell,0.44122286283463047
flux-dev,0.31756561274483613
deepfloyd-m,0.6125485439575156
deepfloyd-l,0.5711397825916276
deepfloyd-xl,0.5964389676036833
