model_name,concept_entropy
sd-1.1,0.006899623177485555
sd-1.4,0.01759345715993606
sd-2.1,0.08388437743006226
sdxl,0.27431055612281086
sdxl-turbo,0.32114304543947964
lcm-sdxl,0.23562215996743754
sd-3,0.0068797328227322005
flux-schnell,0.10794062750941567
flux-dev,0.012468403391839465
deepfloyd-m,-0.0
deepfloyd-l,-0.0
deepfloyd-xl,0.006889662697718636
