model_name,concept_entropy
sd-1.1,0.4934997290374207
sd-1.4,0.5251335582374179
sd-2.1,0.3174191418676588
sdxl,0.25387844029816153
sdxl-turbo,0.21497820032771042
lcm-sdxl,0.3510889333995709
sd-3,0.032230355211769486
flux-schnell,0.5341327476441253
flux-dev,0.47425664713765336
deepfloyd-m,0.5937093374192539
deepfloyd-l,0.607836462664517
deepfloyd-xl,0.5983474220910422
