model_name,concept_entropy
sd-1.1,0.2792744422444095
sd-1.4,0.4420086022277248
sd-2.1,0.41955649623854696
sdxl,0.18644651093842768
sdxl-turbo,0.08079313589591118
lcm-sdxl,0.10215803640865039
sd-3,0.15069883184348942
flux-schnell,0.06962555133621183
flux-dev,0.05777796017013378
deepfloyd-m,0.8792440267604564
deepfloyd-l,0.7478061583312325
deepfloyd-xl,0.8317348747242224
