model_name,concept_entropy
sd-1.1,0.6236708189195348
sd-1.4,0.6078793588494339
sd-2.1,0.5401030637021931
sdxl,0.48046010077777607
sdxl-turbo,0.5600219155764169
lcm-sdxl,0.5743025460248155
sd-3,0.31627820034573545
flux-schnell,0.5521080872932541
flux-dev,0.44563401752557125
deepfloyd-m,0.6831103434296649
deepfloyd-l,0.6980146281938676
deepfloyd-xl,0.6758231923460416
