model_name,concept_entropy
sd-1.1,0.9227703649299233
sd-1.4,0.6813725737972973
sd-2.1,0.6224951846978718
sdxl,0.8027381019527041
sdxl-turbo,0.9945859226739366
lcm-sdxl,0.9831907573433403
sd-3,0.9986092103922113
flux-schnell,0.9656361333706098
flux-dev,0.8314743880097293
deepfloyd-m,0.7701976823573772
deepfloyd-l,0.955563969864456
deepfloyd-xl,0.9374995572894758
