model_name,concept_entropy
sd-1.1,0.9189682768455038
sd-1.4,0.8377018733327518
sd-2.1,0.807880524124606
sdxl,0.8523783878490641
sdxl-turbo,0.7999875052113211
lcm-sdxl,0.8840646686634809
sd-3,0.8141924504539726
flux-schnell,0.7723850867051982
flux-dev,0.8031740485125016
deepfloyd-m,0.7179625800056078
deepfloyd-l,0.8265663663348999
deepfloyd-xl,0.7580457390201207
