model_name,concept_entropy
sd-1.1,0.20073059505471164
sd-1.4,0.125098971933905
sd-2.1,0.17525067971459982
sdxl,0.08947995271528197
sdxl-turbo,0.05666607399642328
lcm-sdxl,0.06458791165592662
sd-3,0.06175345018532218
flux-schnell,0.10671316935384828
flux-dev,0.09604419145021098
deepfloyd-m,0.25697685744806237
deepfloyd-l,0.066385133866866
deepfloyd-xl,0.1684334709825044
