model_name,concept_entropy
sd-1.1,0.8764918104671914
sd-1.4,0.9339205952993364
sd-2.1,0.6930283686032682
sdxl,0.7219280948873623
sdxl-turbo,0.40043368226308695
lcm-sdxl,0.42343378398117704
sd-3,0.3861333232179616
flux-schnell,0.3372900666170139
flux-dev,0.08984228835176919
deepfloyd-m,0.8312037443352254
deepfloyd-l,0.7423129894138222
deepfloyd-xl,0.7356248235834464
