model_name,concept_entropy
sd-1.1,0.05191838062763117
sd-1.4,0.05799272003285702
sd-2.1,0.13091658661257197
sdxl,0.12378183239935159
sdxl-turbo,0.047484397763508296
lcm-sdxl,0.09291395250294493
sd-3,0.017783851361743246
flux-schnell,0.017783851361743246
flux-dev,-0.0
deepfloyd-m,0.35572703135352574
deepfloyd-l,0.14392029811532822
deepfloyd-xl,0.15190020554173297
