model_name,concept_entropy
sd-1.1,0.7550982562372364
sd-1.4,0.5887575889245549
sd-2.1,0.6080462468848807
sdxl,0.6139080644723587
sdxl-turbo,0.36962184744997206
lcm-sdxl,0.36914764080619666
sd-3,0.7538771603645216
flux-schnell,0.6200156193133485
flux-dev,0.48277644297290634
deepfloyd-m,0.6445816754628375
deepfloyd-l,0.6174044937027241
deepfloyd-xl,0.5074785602669316
