model_name,concept_entropy
sd-1.1,0.9813941459024209
sd-1.4,0.8696685766840404
sd-2.1,0.5477774799582533
sdxl,0.4262286569981449
sdxl-turbo,0.4745323235829827
lcm-sdxl,0.4048000181834446
sd-3,0.11296797705850145
flux-schnell,0.2901260814213864
flux-dev,0.5810434141227477
deepfloyd-m,0.2546947046698278
deepfloyd-l,0.28603127423026226
deepfloyd-xl,0.25634477409913614
