model_name,concept_entropy
sd-1.1,0.8341932271978163
sd-1.4,0.8911228628597054
sd-2.1,0.7716696254327972
sdxl,0.7461174455230636
sdxl-turbo,0.5490704944802973
lcm-sdxl,0.6201045382703722
sd-3,0.4195615471220808
flux-schnell,0.47744685870587655
flux-dev,0.5139666900498424
deepfloyd-m,0.7034092502330839
deepfloyd-l,0.7047305623561224
deepfloyd-xl,0.7009457439661112
