model_name,concept_entropy
sd-1.1,0.9123471730582683
sd-1.4,0.7564041945982505
sd-2.1,0.8058049113482652
sdxl,0.9215229372742526
sdxl-turbo,0.2307099556914764
lcm-sdxl,0.5322415829093444
sd-3,0.7974240446366903
flux-schnell,0.1828750738074707
flux-dev,0.6564679099732389
deepfloyd-m,0.8896774169101171
deepfloyd-l,0.7954719516070476
deepfloyd-xl,0.9463269218307537
