model_name,concept_entropy
sd-1.1,0.46092021275980366
sd-1.4,0.33374863478987365
sd-2.1,0.26450047886585776
sdxl,0.43403807829414787
sdxl-turbo,0.512846102076447
lcm-sdxl,0.48156231102098934
sd-3,-0.0
flux-schnell,0.08466549688506116
flux-dev,0.04039656794795559
deepfloyd-m,0.46630814302210166
deepfloyd-l,0.26920343427922705
deepfloyd-xl,0.11566089863617199
