model_name,concept_entropy
sd-1.1,0.9996072307052746
sd-1.4,0.9969399581717842
sd-2.1,0.5197027865043055
sdxl,0.4529425481872832
sdxl-turbo,0.37824164440536223
lcm-sdxl,0.3207930355475232
sd-3,0.32744491915447627
flux-schnell,0.34053729470418637
flux-dev,0.4080247395219591
deepfloyd-m,0.8485481782946158
deepfloyd-l,0.9370098252692078
deepfloyd-xl,0.7638691087644905
