model_name,concept_entropy
sd-1.1,0.6454190626786391
sd-1.4,0.6508580613002533
sd-2.1,0.632995443392819
sdxl,0.6745048033148556
sdxl-turbo,0.6291199169354129
lcm-sdxl,0.7085994980352682
sd-3,0.7581915117103221
flux-schnell,0.5547734568089531
flux-dev,0.6977370531286391
deepfloyd-m,0.7849457740249242
deepfloyd-l,0.7679331601014902
deepfloyd-xl,0.7641522273527421
