model_name,concept_entropy
sd-1.1,0.3695515307343407
sd-1.4,0.5131706209639716
sd-2.1,0.5121652627174723
sdxl,0.7302109007871781
sdxl-turbo,0.5867877542412253
lcm-sdxl,0.6705908835728139
sd-3,0.5765033385627802
flux-schnell,0.651361217223084
flux-dev,0.7836789142140619
deepfloyd-m,0.743404430517599
deepfloyd-l,0.7844537991581281
deepfloyd-xl,0.775831135015035
