model_name,concept_entropy
sd-1.1,0.820580751512517
sd-1.4,0.7555159582195422
sd-2.1,0.7916186904279185
sdxl,0.6564256341046413
sdxl-turbo,0.6941749352388088
lcm-sdxl,0.7125405124056051
sd-3,0.6130970550591051
flux-schnell,0.29852927242080096
flux-dev,0.6590258217968264
deepfloyd-m,0.8003180852010396
deepfloyd-l,0.7788826834244483
deepfloyd-xl,0.7945455119202567
