model_name,concept_entropy
sd-1.1,0.7143886040420332
sd-1.4,0.7466501263804634
sd-2.1,0.6857301926177098
sdxl,0.7426907131304121
sdxl-turbo,0.6746703088662137
lcm-sdxl,0.684195382954162
sd-3,0.6877775667665246
flux-schnell,0.5180985557753781
flux-dev,0.24747932741536244
deepfloyd-m,0.7103180584038772
deepfloyd-l,0.6677595517854684
deepfloyd-xl,0.6251737993017092
