model_name,concept_entropy
sd-1.1,0.48787451195089454
sd-1.4,0.6220405303879045
sd-2.1,0.42102043554180063
sdxl,0.4479954607712063
sdxl-turbo,0.3527731481420458
lcm-sdxl,0.467844959759023
sd-3,0.710561022651263
flux-schnell,0.34742352249474945
flux-dev,0.22427262590782268
deepfloyd-m,0.411937240636977
deepfloyd-l,0.4744313561790039
deepfloyd-xl,0.4033793094897202
