model_name,concept_entropy
sd-1.1,0.9230427139762123
sd-1.4,0.8931734583778568
sd-2.1,0.8784102559175193
sdxl,0.7014714598838974
sdxl-turbo,0.7350626941249581
lcm-sdxl,0.7615087525188233
sd-3,0.4420086022277248
flux-schnell,0.3409480852555819
flux-dev,0.20268245369011517
deepfloyd-m,0.5322525601095969
deepfloyd-l,0.48656708862186493
deepfloyd-xl,0.3427484586419662
