model_name,concept_entropy
sd-1.1,0.4589522572786945
sd-1.4,0.34706762616136494
sd-2.1,0.08943044215060508
sdxl,0.06959766768189943
sdxl-turbo,0.05829826614562001
lcm-sdxl,0.05791839514349827
sd-3,0.29289110396487306
flux-schnell,0.12639085107161374
flux-dev,0.051055888453755985
deepfloyd-m,0.33723578657490383
deepfloyd-l,0.2020596514969526
deepfloyd-xl,0.418005966596664
