model_name,concept_entropy
sd-1.1,0.8256265261578954
sd-1.4,0.15069883184348942
sd-2.1,0.6269099577879973
sdxl,0.10215803640865039
sdxl-turbo,0.30039141736478187
lcm-sdxl,0.3140681870869526
sd-3,-0.0
flux-schnell,0.1610358865962735
flux-dev,0.032276113665098506
deepfloyd-m,0.6628052056219802
deepfloyd-l,0.4440409159417532
deepfloyd-xl,0.31953631390337267
