model_name,concept_entropy
sd-1.1,0.44377581240845665
sd-1.4,0.3908459940283934
sd-2.1,0.442579415568214
sdxl,0.2393142490040622
sdxl-turbo,0.3099022342949547
lcm-sdxl,0.28529234709766493
sd-3,0.13540560670902863
flux-schnell,0.32090890877116723
flux-dev,0.23657715104937355
deepfloyd-m,0.5396042951907971
deepfloyd-l,0.5793104401064134
deepfloyd-xl,0.49571534418574226
