model_name,concept_entropy
sd-1.1,0.7477633200866067
sd-1.4,0.8688534723572245
sd-2.1,0.9789720362692591
sdxl,0.9985338932753818
sdxl-turbo,0.9997114417528099
lcm-sdxl,0.9941491714808931
sd-3,0.7691928290130138
flux-schnell,0.7750945958040782
flux-dev,0.708392686703044
deepfloyd-m,0.7950402793845223
deepfloyd-l,0.9564574047992594
deepfloyd-xl,0.9621259732271908
