model_name,concept_entropy
sd-1.1,0.9197862050860224
sd-1.4,0.9438389426864334
sd-2.1,0.9699419200305223
sdxl,0.9678476614694731
sdxl-turbo,0.9419878500884951
lcm-sdxl,0.9565822843127292
sd-3,0.577703081589733
flux-schnell,0.7572046632121966
flux-dev,0.6814942002641935
deepfloyd-m,0.9165951484543001
deepfloyd-l,0.9137361164080116
deepfloyd-xl,0.9447021351965037
