model_name,concept_entropy
sd-1.1,0.08157467926787965
sd-1.4,0.11358244723558795
sd-2.1,0.16866093149667025
sdxl,0.35967296964807305
sdxl-turbo,0.06952964699480783
lcm-sdxl,0.8363124089099467
sd-3,-0.0
flux-schnell,0.017783851361743246
flux-dev,0.18596347886730552
deepfloyd-m,0.5760485074273431
deepfloyd-l,0.5010246381374182
deepfloyd-xl,0.5929023785124913
