model_name,concept_entropy
sd-1.1,0.1787853758758628
sd-1.4,0.48517103548288176
sd-2.1,0.6519634468361137
sdxl,0.9182958340544896
sdxl-turbo,0.9979471932237238
lcm-sdxl,0.7027988841384323
sd-3,0.9285080008232174
flux-schnell,0.6908938714350409
flux-dev,0.9556537346562
deepfloyd-m,0.6360156177392154
deepfloyd-l,0.8501091888128283
deepfloyd-xl,0.9482574902788145
