model_name,concept_entropy
sd-1.1,0.6549555815231862
sd-1.4,0.5407815750940508
sd-2.1,0.20920636923108005
sdxl,0.3111370718348843
sdxl-turbo,0.20791337541614208
lcm-sdxl,0.23157670423204932
sd-3,-0.0
flux-schnell,0.28917855409267773
flux-dev,0.3164836067374924
deepfloyd-m,0.37337007710457304
deepfloyd-l,0.1537251058024724
deepfloyd-xl,0.18224422312005933
