model_name,concept_entropy
sd-1.1,0.7212564460523054
sd-1.4,0.7547041719817562
sd-2.1,0.7478061583312325
sdxl,0.7894529806324388
sdxl-turbo,0.8242209207918307
lcm-sdxl,0.8843507645372042
sd-3,0.8833186883590667
flux-schnell,0.9025598027825421
flux-dev,0.8341980958607491
deepfloyd-m,0.8508690563550583
deepfloyd-l,0.7509319796338465
deepfloyd-xl,0.7571125205440183
