model_name,concept_entropy
sd-1.1,0.39569023848894025
sd-1.4,0.7269872933457198
sd-2.1,0.7943588441698941
sdxl,0.9578312031236316
sdxl-turbo,0.9813733708644055
lcm-sdxl,0.8393281581930094
sd-3,0.9620311864246056
flux-schnell,0.6836556318994333
flux-dev,0.9768004639399619
deepfloyd-m,0.8179108752719633
deepfloyd-l,0.9224889625871211
deepfloyd-xl,0.9707843564776824
