model_name,concept_entropy
sd-1.1,0.6140726928614937
sd-1.4,0.5898866301459436
sd-2.1,0.49584632313909494
sdxl,0.5766175555027753
sdxl-turbo,0.4159138288192096
lcm-sdxl,0.6854232145779098
sd-3,0.43525763046411586
flux-schnell,0.36295359932984445
flux-dev,0.5041805567984567
deepfloyd-m,0.6889853438857936
deepfloyd-l,0.5988173111989481
deepfloyd-xl,0.6330627767973191
