model_name,concept_entropy
sd-1.1,0.7586364174689864
sd-1.4,0.6975952264791725
sd-2.1,0.6488688424243593
sdxl,0.5357363935069526
sdxl-turbo,0.3798914309591971
lcm-sdxl,0.48054132407395117
sd-3,0.182120906135695
flux-schnell,0.4449351082682244
flux-dev,0.3098306044946756
deepfloyd-m,0.7166424301287913
deepfloyd-l,0.6575227338763536
deepfloyd-xl,0.7027337996046604
