model_name,concept_entropy
sd-1.1,0.9941216507080339
sd-1.4,0.9959278885231462
sd-2.1,0.9839569702647435
sdxl,0.9646094817382489
sdxl-turbo,0.9205057004626807
lcm-sdxl,0.9816367029372988
sd-3,0.8534053131869371
flux-schnell,0.6184027631450661
flux-dev,0.996665728363104
deepfloyd-m,0.8162554088088008
deepfloyd-l,0.876716288999464
deepfloyd-xl,0.9278744220755133
