model_name,concept_entropy
sd-1.1,0.6829747988174941
sd-1.4,0.90096516392972
sd-2.1,0.6789538995185758
sdxl,0.5541045423898252
sdxl-turbo,0.4833701232641441
lcm-sdxl,0.2906204410624715
sd-3,0.10456402199423727
flux-schnell,0.4132457297060929
flux-dev,0.30913706561017307
deepfloyd-m,0.5357150195407703
deepfloyd-l,0.7603084794886665
deepfloyd-xl,0.7308428219421375
