model_name,concept_entropy
sd-1.1,0.9509560484549725
sd-1.4,0.7041168921757096
sd-2.1,0.8331914274685456
sdxl,0.7119696070752646
sdxl-turbo,0.7178485466258689
lcm-sdxl,0.8165187119538281
sd-3,0.7680695526297869
flux-schnell,0.7844800452514007
flux-dev,0.3625773680406385
deepfloyd-m,0.5619046981963043
deepfloyd-l,0.526053273954552
deepfloyd-xl,0.42080948947668984
