model_name,concept_entropy
sd-1.1,0.5447393228973674
sd-1.4,0.44299415457658053
sd-2.1,0.5346344006645247
sdxl,0.35243920965856995
sdxl-turbo,0.09516018451665688
lcm-sdxl,0.2900201164095737
sd-3,0.1402636947145959
flux-schnell,0.109380697166491
flux-dev,0.22549973835051876
deepfloyd-m,0.7012937627573119
deepfloyd-l,0.5380579059858501
deepfloyd-xl,0.5777253727482456
