model_name,concept_entropy
sd-1.1,0.32508219764519103
sd-1.4,0.14226242243200865
sd-2.1,0.11759466565886476
sdxl,0.018123819700448685
sdxl-turbo,-0.0
lcm-sdxl,0.0810147720966582
sd-3,-0.0
flux-schnell,0.032230355211769486
flux-dev,-0.0
deepfloyd-m,0.5077922219095273
deepfloyd-l,0.1198060762838126
deepfloyd-xl,0.19754464708121686
