model_name,concept_entropy
sd-1.1,0.6590730016396953
sd-1.4,0.48286690029782514
sd-2.1,0.5187991877613196
sdxl,0.36053377896777195
sdxl-turbo,0.6026802105892426
lcm-sdxl,0.6206504308628276
sd-3,0.1418159439303941
flux-schnell,0.032230355211769486
flux-dev,0.4080247395219591
deepfloyd-m,0.8887716835852574
deepfloyd-l,0.8474937082478211
deepfloyd-xl,0.955058449566015
