model_name,concept_entropy
sd-1.1,0.1924660948644448
sd-1.4,0.6037242656780433
sd-2.1,0.9321115676166747
sdxl,0.9993506898146103
sdxl-turbo,0.8005396924516177
lcm-sdxl,0.9934142181800523
sd-3,0.16866093149667025
flux-schnell,0.48977901368693755
flux-dev,0.36592365090022316
deepfloyd-m,0.2730845867755956
deepfloyd-l,0.8485481782946158
deepfloyd-xl,0.703464505532043
