model_name,concept_entropy
sd-1.1,0.8215200620992034
sd-1.4,0.8692567717275778
sd-2.1,0.8798951762477975
sdxl,0.7001320073672144
sdxl-turbo,0.5997123510575415
lcm-sdxl,0.6917131964674493
sd-3,0.7230391852216667
flux-schnell,0.7152752178440498
flux-dev,0.7801748493441504
deepfloyd-m,0.6238722662340039
deepfloyd-l,0.6871516935008122
deepfloyd-xl,0.6250428259913812
