model_name,concept_entropy
sd-1.1,0.3556123868450322
sd-1.4,0.300055144533656
sd-2.1,0.2867339337433928
sdxl,0.46836880127047353
sdxl-turbo,0.3114041268822111
lcm-sdxl,0.433847074791944
sd-3,0.3719054734007294
flux-schnell,0.39616830567848493
flux-dev,0.37988348597302996
deepfloyd-m,0.4864912074978096
deepfloyd-l,0.5257113907482468
deepfloyd-xl,0.5114409204932875
