model_name,concept_entropy
sd-1.1,0.792923966380719
sd-1.4,0.5854637447682234
sd-2.1,0.36592365090022316
sdxl,0.792923966380719
sdxl-turbo,0.5798572639048543
lcm-sdxl,0.8812908992306927
sd-3,0.780905382751727
flux-schnell,0.9912540071703689
flux-dev,0.9999679398727176
deepfloyd-m,0.8508690563550583
deepfloyd-l,0.8865408928220899
deepfloyd-xl,0.9253608359062333
