model_name,concept_entropy
sd-1.1,0.017783851361743246
sd-1.4,0.032230355211769486
sd-2.1,0.15069883184348942
sdxl,0.34698128810061335
sdxl-turbo,-0.0
lcm-sdxl,0.0454146923337941
sd-3,-0.0
flux-schnell,-0.0
flux-dev,-0.0
deepfloyd-m,0.21915725061224756
deepfloyd-l,0.39124356362925566
deepfloyd-xl,0.1943918578315762
