model_name,concept_entropy
sd-1.1,0.0454146923337941
sd-1.4,0.01780951971622003
sd-2.1,0.04560647594182623
sdxl,0.08079313589591118
sdxl-turbo,0.09164995196224196
lcm-sdxl,0.09164995196224196
sd-3,-0.0
flux-schnell,-0.0
flux-dev,-0.0
deepfloyd-m,0.04547842701647885
deepfloyd-l,0.15976788116214136
deepfloyd-xl,0.11327430349709672
