model_name,concept_entropy
sd-1.1,0.9969194063891462
sd-1.4,0.6158851764517359
sd-2.1,0.8706835933702717
sdxl,0.30726835986075973
sdxl-turbo,0.42524461248637185
lcm-sdxl,0.6381619453140062
sd-3,0.7712049391273162
flux-schnell,0.6364490792729882
flux-dev,0.49473957751625974
deepfloyd-m,0.7911793647963855
deepfloyd-l,0.8453509366224364
deepfloyd-xl,0.6950109416352626
