model_name,concept_entropy
sd-1.1,0.01780951971622003
sd-1.4,0.04547842701647885
sd-2.1,0.13197755709396147
sdxl,0.18620465042839007
sdxl-turbo,-0.0
lcm-sdxl,0.06952964699480783
sd-3,-0.0
flux-schnell,-0.0
flux-dev,-0.0
deepfloyd-m,0.09164995196224196
deepfloyd-l,0.2871068886681468
deepfloyd-xl,0.13286133686599447
