model_name,concept_entropy
sd-1.1,0.8714869552170763
sd-1.4,0.6783885322259736
sd-2.1,0.3551043930784943
sdxl,0.3356490995769026
sdxl-turbo,-0.0
lcm-sdxl,0.15069883184348942
sd-3,0.5245510321739607
flux-schnell,0.7862807831128822
flux-dev,0.5713549744279549
deepfloyd-m,0.6033047056992924
deepfloyd-l,0.5960006673433575
deepfloyd-xl,0.1787853758758628
