model_name,concept_entropy
sd-1.1,0.7214241858474608
sd-1.4,0.8085275301086275
sd-2.1,0.7631048932972896
sdxl,0.7408647915835043
sdxl-turbo,0.6068872769289303
lcm-sdxl,0.736760105261224
sd-3,0.7361271346070162
flux-schnell,0.8295395918324024
flux-dev,0.8046173867236458
deepfloyd-m,0.8374762375332422
deepfloyd-l,0.8089581744010179
deepfloyd-xl,0.8166108962087064
