model_name,concept_entropy
sd-1.1,0.17738945318599736
sd-1.4,0.12261936698630586
sd-2.1,0.09177466873746423
sdxl,0.21138360332328962
sdxl-turbo,0.017783851361743246
lcm-sdxl,0.17738945318599736
sd-3,0.15976788116214136
flux-schnell,-0.0
flux-dev,-0.0
deepfloyd-m,0.4529425481872832
deepfloyd-l,0.27445756066142735
deepfloyd-xl,0.3278424162393825
