model_name,concept_entropy
sd-1.1,0.6692022748512392
sd-1.4,0.5213741303562771
sd-2.1,0.6564259126718724
sdxl,0.5518525960461718
sdxl-turbo,0.7629525795654346
lcm-sdxl,0.6491404945767926
sd-3,0.6252962611867081
flux-schnell,0.5716921426941904
flux-dev,0.47630816539625065
deepfloyd-m,0.7135275971663384
deepfloyd-l,0.6766962737200146
deepfloyd-xl,0.5472316090851677
