model_name,concept_entropy
sd-1.1,0.9496066250298905
sd-1.4,0.6689046378625623
sd-2.1,0.9625689472343629
sdxl,0.9375230909602632
sdxl-turbo,0.9837082626231859
lcm-sdxl,0.9459050788717145
sd-3,0.584238811642856
flux-schnell,0.7571125205440183
flux-dev,0.9864845733157803
deepfloyd-m,0.8924385765530404
deepfloyd-l,0.8255282698938002
deepfloyd-xl,0.8752305175131765
