model_name,concept_entropy
sd-1.1,0.41974385115347157
sd-1.4,0.40872508442410993
sd-2.1,0.5019909252225017
sdxl,0.4584053126767131
sdxl-turbo,0.37668957895501076
lcm-sdxl,0.42596124031455956
sd-3,0.3558149168496761
flux-schnell,0.41082828626847984
flux-dev,0.3998141525361075
deepfloyd-m,0.4841040157137376
deepfloyd-l,0.48051143599552065
deepfloyd-xl,0.4437824291738595
