model_name,concept_entropy
sd-1.1,0.4385119293953497
sd-1.4,0.5807724217192799
sd-2.1,0.7220203682305232
sdxl,0.7499562410246915
sdxl-turbo,0.3022846438290912
lcm-sdxl,0.6865218136248193
sd-3,0.6698378793506553
flux-schnell,0.6305808750872793
flux-dev,0.7372481627467092
deepfloyd-m,0.5860280841194132
deepfloyd-l,0.6985051774125064
deepfloyd-xl,0.727953859274849
