model_name,concept_entropy
sd-1.1,0.7252767313016595
sd-1.4,0.33352200393097664
sd-2.1,0.6615488345978395
sdxl,0.37538762833750683
sdxl-turbo,0.3491843735073079
lcm-sdxl,0.35242201396043216
sd-3,0.028262409126132773
flux-schnell,0.7663350359691776
flux-dev,0.3877431810559865
deepfloyd-m,0.32605049030144156
deepfloyd-l,0.35939418763430603
deepfloyd-xl,0.39816497355476
