model_name,concept_entropy
sd-1.1,0.7263247039906583
sd-1.4,0.7626642004264341
sd-2.1,0.824633010014186
sdxl,0.7006700451160393
sdxl-turbo,0.6232613356647783
lcm-sdxl,0.6878354980923523
sd-3,0.4492609171047103
flux-schnell,0.8807515391486641
flux-dev,0.7948793837661196
deepfloyd-m,0.6864547343075899
deepfloyd-l,0.6501874701143125
deepfloyd-xl,0.6600497437366035
