model_name,concept_entropy
sd-1.1,0.16977000753515503
sd-1.4,0.0962927636813615
sd-2.1,0.06230254712077371
sdxl,0.043940678706667506
sdxl-turbo,0.025050966855686252
lcm-sdxl,0.06306780800385679
sd-3,-0.0
flux-schnell,-0.0
flux-dev,-0.0
deepfloyd-m,0.09183716557777416
deepfloyd-l,0.0927219401687717
deepfloyd-xl,0.12148047831884834
