model_name,concept_entropy
sd-1.1,0.2310481335021452
sd-1.4,0.26205434403144456
sd-2.1,0.21915725061224756
sdxl,0.4348891215150139
sdxl-turbo,0.6343095546405662
lcm-sdxl,0.41381685030363374
sd-3,-0.0
flux-schnell,0.017783851361743246
flux-dev,0.0454146923337941
deepfloyd-m,0.3721127678115677
deepfloyd-l,0.18044480198197177
deepfloyd-xl,0.40043368226308695
