model_name,concept_entropy
sd-1.1,0.6053064300043542
sd-1.4,0.5099742323641089
sd-2.1,0.5620306118111402
sdxl,0.42546141074182203
sdxl-turbo,0.300382802541781
lcm-sdxl,0.521717201101147
sd-3,0.32220036267249397
flux-schnell,0.5420006797302062
flux-dev,0.4490603961053692
deepfloyd-m,0.4589355603206714
deepfloyd-l,0.5232153245812291
deepfloyd-xl,0.5367474936392767
