model_name,concept_entropy
sd-1.1,0.5947317720890194
sd-1.4,0.35936050093823196
sd-2.1,0.4137501375955344
sdxl,0.32635842675273935
sdxl-turbo,0.5034565597077943
lcm-sdxl,0.25312343549712263
sd-3,0.48638104557889394
flux-schnell,0.3901608859717608
flux-dev,0.37133579449392323
deepfloyd-m,0.5255959976223091
deepfloyd-l,0.40747371501936447
deepfloyd-xl,0.47679041352189927
