model_name,concept_entropy
sd-1.1,0.8108838414707312
sd-1.4,0.9570765962090091
sd-2.1,0.8668283809176648
sdxl,0.8112291618089003
sdxl-turbo,0.5861235514627733
lcm-sdxl,0.7845436945433715
sd-3,0.717064714237412
flux-schnell,0.6007582038891439
flux-dev,0.6258821956791731
deepfloyd-m,0.7690965017590152
deepfloyd-l,0.8212536135770903
deepfloyd-xl,0.7769874070996596
