model_name,concept_entropy
sd-1.1,0.7931500492861171
sd-1.4,0.8318944147250349
sd-2.1,0.8595316914502931
sdxl,0.891201805358686
sdxl-turbo,0.6697416200554291
lcm-sdxl,0.6278191534832795
sd-3,0.9841787966895654
flux-schnell,0.6213290966942345
flux-dev,0.7251421964171214
deepfloyd-m,0.8507707040532599
deepfloyd-l,0.5834680254658802
deepfloyd-xl,0.6001960875142942
