model_name,concept_entropy
sd-1.1,0.6022817292426339
sd-1.4,0.7076496191387459
sd-2.1,0.8291938547421394
sdxl,0.8372675972568794
sdxl-turbo,0.698271591797644
lcm-sdxl,0.8141627531948944
sd-3,0.7805662666299265
flux-schnell,0.8241963053533918
flux-dev,0.6291144116436463
deepfloyd-m,0.7664877129533669
deepfloyd-l,0.7572893666265305
deepfloyd-xl,0.6578932595413978
