model_name,concept_entropy
sd-1.1,0.8727844313515927
sd-1.4,0.9668100575025924
sd-2.1,0.7983504203079476
sdxl,0.558407733049547
sdxl-turbo,0.729207105818847
lcm-sdxl,0.3866477579956781
sd-3,0.6740406293643172
flux-schnell,0.6899597197237017
flux-dev,0.6274303352684106
deepfloyd-m,0.983746227953626
deepfloyd-l,0.9936272695883754
deepfloyd-xl,0.9670028837348701
