model_name,concept_entropy
sd-1.1,0.7272294744313874
sd-1.4,0.4394969869215134
sd-2.1,0.5604094280820462
sdxl,0.6416329897817084
sdxl-turbo,0.6200297111531311
lcm-sdxl,0.5903732940388435
sd-3,0.632862570491961
flux-schnell,0.6434441095465131
flux-dev,0.857074083685926
deepfloyd-m,0.8926709389138714
deepfloyd-l,0.9269517638623613
deepfloyd-xl,0.8831570284389731
