model_name,concept_entropy
sd-1.1,0.2524090396809774
sd-1.4,0.3222255910423928
sd-2.1,0.25692426888118924
sdxl,0.41437638177741704
sdxl-turbo,0.07737723383092146
lcm-sdxl,0.5258263132779326
sd-3,-0.0
flux-schnell,0.03260036713734486
flux-dev,0.018204252928151712
deepfloyd-m,0.5429473947587142
deepfloyd-l,0.2700768937292788
deepfloyd-xl,0.2686705651559266
