model_name,concept_entropy
sd-1.1,0.9964990394452554
sd-1.4,0.9658406066146643
sd-2.1,0.8436937198866029
sdxl,0.6762405710982807
sdxl-turbo,0.504400785261415
lcm-sdxl,0.5575827632816374
sd-3,0.1599776929987939
flux-schnell,0.017887000955102903
flux-dev,0.07295966442910912
deepfloyd-m,0.20887410352223335
deepfloyd-l,0.3368418667071584
deepfloyd-xl,0.205592508185083
