model_name,concept_entropy
sd-1.1,0.7493321264085542
sd-1.4,0.9994275398149994
sd-2.1,0.8697089525209738
sdxl,0.7529098445640559
sdxl-turbo,0.2761954276479391
lcm-sdxl,0.925641594587786
sd-3,0.9813088429462863
flux-schnell,0.584238811642856
flux-dev,0.9093695983197139
deepfloyd-m,0.9438361255509629
deepfloyd-l,0.9681031237557647
deepfloyd-xl,0.9039324555927868
