model_name,concept_entropy
sd-1.1,0.20915279325858707
sd-1.4,0.5202043953298021
sd-2.1,0.6934687977176178
sdxl,0.4652677059083352
sdxl-turbo,-0.0
lcm-sdxl,-0.0
sd-3,-0.0
flux-schnell,0.28639695711595625
flux-dev,0.05777796017013378
deepfloyd-m,0.5269731816581291
deepfloyd-l,0.4277142280758015
deepfloyd-xl,0.4952976046428459
