model_name,concept_entropy
sd-1.1,0.3601028034899073
sd-1.4,0.1420044638543318
sd-2.1,0.2647650339356807
sdxl,0.032230355211769486
sdxl-turbo,0.032230355211769486
lcm-sdxl,-0.0
sd-3,-0.0
flux-schnell,0.05777796017013378
flux-dev,0.017783851361743246
deepfloyd-m,0.16039913536079176
deepfloyd-l,0.14144054254182067
deepfloyd-xl,0.08079313589591118
