model_name,concept_entropy
sd-1.1,0.9022165931413868
sd-1.4,0.990525811310758
sd-2.1,0.6168065312447837
sdxl,0.7453262587005485
sdxl-turbo,0.7786800549368456
lcm-sdxl,0.9832869160529952
sd-3,0.9978095230969873
flux-schnell,0.6014353864290772
flux-dev,0.975617030221205
deepfloyd-m,0.77159646280844
deepfloyd-l,0.8790269094858315
deepfloyd-xl,0.9330951961823539
