model_name,concept_entropy
sd-1.1,0.6664367645876299
sd-1.4,0.7113295662319672
sd-2.1,0.8175548290286723
sdxl,0.758394428156476
sdxl-turbo,0.674095394083901
lcm-sdxl,0.7016091178306096
sd-3,0.6656877478571993
flux-schnell,0.8449226441872018
flux-dev,0.7115698503285364
deepfloyd-m,0.8000021348493368
deepfloyd-l,0.750592290456479
deepfloyd-xl,0.7506058636231904
