model_name,concept_entropy
sd-1.1,0.5099895679502995
sd-1.4,0.46678268632688735
sd-2.1,0.6026802105892426
sdxl,0.6538779131271738
sdxl-turbo,0.48977901368693755
lcm-sdxl,0.3601028034899073
sd-3,0.14144054254182067
flux-schnell,0.7014714598838974
flux-dev,0.2792744422444095
deepfloyd-m,0.5245510321739607
deepfloyd-l,0.34053729470418637
deepfloyd-xl,0.4529425481872832
