model_name,concept_entropy
sd-1.1,0.7191560879066864
sd-1.4,0.5674464071770339
sd-2.1,0.3152224098683547
sdxl,0.08079313589591118
sdxl-turbo,-0.0
lcm-sdxl,0.09177466873746423
sd-3,-0.0
flux-schnell,0.017783851361743246
flux-dev,0.09164995196224196
deepfloyd-m,0.09164995196224196
deepfloyd-l,0.3207930355475232
deepfloyd-xl,0.09164995196224196
