model_name,concept_entropy
sd-1.1,0.4854259538568967
sd-1.4,0.4226976491210083
sd-2.1,0.4285645999779159
sdxl,0.44128037173848056
sdxl-turbo,0.11645178444749539
lcm-sdxl,0.26937102966439436
sd-3,0.36835682911075646
flux-schnell,0.17312842417780108
flux-dev,0.06647655692730699
deepfloyd-m,0.40007302141262907
deepfloyd-l,0.5064679696357551
deepfloyd-xl,0.40747216186790314
