model_name,concept_entropy
sd-1.1,0.8401984586215624
sd-1.4,0.8596489833519527
sd-2.1,0.9347603042991166
sdxl,0.8061698684004598
sdxl-turbo,0.7464349322335267
lcm-sdxl,0.7821663280913005
sd-3,0.8341992393664865
flux-schnell,0.7487336742253492
flux-dev,0.7925299443945935
deepfloyd-m,0.7800210509718962
deepfloyd-l,0.8000458081932095
deepfloyd-xl,0.7490295481020514
