model_name,concept_entropy
sd-1.1,0.6706419252739391
sd-1.4,0.654878695863273
sd-2.1,0.638021682609027
sdxl,0.5788557437622857
sdxl-turbo,0.5706391921071252
lcm-sdxl,0.5971412056987933
sd-3,0.631080001740026
flux-schnell,0.5666212473120075
flux-dev,0.5358735901801606
deepfloyd-m,0.6408934026698934
deepfloyd-l,0.6316200672629576
deepfloyd-xl,0.6219958686293182
