model_name,concept_entropy
sd-1.1,0.6453670761740534
sd-1.4,0.855863382087914
sd-2.1,0.5097140247524626
sdxl,0.7433763650963671
sdxl-turbo,0.4848913302916771
lcm-sdxl,0.9291726676160152
sd-3,0.18815908462237074
flux-schnell,0.05810074789112419
flux-dev,0.301250855632826
deepfloyd-m,0.9756061276517278
deepfloyd-l,0.9910760598382222
deepfloyd-xl,0.9639203919034736
