model_name,concept_entropy
sd-1.1,0.5768903796684683
sd-1.4,0.6230978412942753
sd-2.1,0.46169453133397426
sdxl,0.551273634331364
sdxl-turbo,0.36257562688860945
lcm-sdxl,0.5817957687557213
sd-3,0.2659176087541642
flux-schnell,0.0860699113845188
flux-dev,0.1714198915957936
deepfloyd-m,0.6874122891491615
deepfloyd-l,0.7267850639496252
deepfloyd-xl,0.730880262229735
