model_name,concept_entropy
sd-1.1,0.673862659433025
sd-1.4,0.8831259027291833
sd-2.1,0.5582102155269127
sdxl,0.8249344279520442
sdxl-turbo,0.7945843756064858
lcm-sdxl,0.9803418133570324
sd-3,0.18766625553752533
flux-schnell,0.032460549513322376
flux-dev,0.27831331918171476
deepfloyd-m,0.9998878479901985
deepfloyd-l,0.9970789920311386
deepfloyd-xl,0.9885014934709359
