model_name,concept_entropy
sd-1.1,0.9847953334568664
sd-1.4,0.9999619380732865
sd-2.1,0.9751190649408661
sdxl,0.9913439663726641
sdxl-turbo,0.9280504778205245
lcm-sdxl,0.8808569946999408
sd-3,0.9991479912128363
flux-schnell,0.9384703941560952
flux-dev,0.7886475716079696
deepfloyd-m,0.8823156953768249
deepfloyd-l,0.9898220559635811
deepfloyd-xl,0.9835585673909616
