model_name,concept_entropy
sd-1.1,0.6603899832109835
sd-1.4,0.6362001185386496
sd-2.1,0.7086422465057365
sdxl,0.652563171187791
sdxl-turbo,0.8049965966722058
lcm-sdxl,0.7007500492194784
sd-3,0.8074502265820559
flux-schnell,0.8182595206805376
flux-dev,0.6352026291293006
deepfloyd-m,0.7730291677326417
deepfloyd-l,0.7554416112729433
deepfloyd-xl,0.6883879863460841
