model_name,concept_entropy
sd-1.1,0.9399915458838387
sd-1.4,0.9140185106642175
sd-2.1,0.7259101060407926
sdxl,0.6027314864594963
sdxl-turbo,0.7097103775846387
lcm-sdxl,0.7825944076350712
sd-3,0.6310587526679756
flux-schnell,0.13047571663711086
flux-dev,0.1513569993012837
deepfloyd-m,0.9591033263566193
deepfloyd-l,0.9023932827949788
deepfloyd-xl,0.8274601832010251
