model_name,concept_entropy
sd-1.1,0.5029058292098982
sd-1.4,0.3307044312389953
sd-2.1,0.35028928507860563
sdxl,0.19550337253856395
sdxl-turbo,0.054375017208779484
lcm-sdxl,0.14829756438544256
sd-3,0.3194882657460042
flux-schnell,0.08058992395582752
flux-dev,0.0396388346413266
deepfloyd-m,0.37408215954209073
deepfloyd-l,0.4125172342933849
deepfloyd-xl,0.5636270016766277
