model_name,concept_entropy
sd-1.1,0.47180161986738456
sd-1.4,0.46216399597436925
sd-2.1,0.420695147528816
sdxl,0.3883620434319227
sdxl-turbo,0.35631833621355186
lcm-sdxl,0.4033401197580117
sd-3,0.3635965914737362
flux-schnell,0.35381439876164916
flux-dev,0.24713129055582206
deepfloyd-m,0.5305982211883846
deepfloyd-l,0.47156801422164857
deepfloyd-xl,0.4323304995602005
