model_name,concept_entropy
sd-1.1,0.8201133355118834
sd-1.4,0.8995599507605069
sd-2.1,0.8455320874518779
sdxl,0.7567762068418954
sdxl-turbo,0.7160066117304498
lcm-sdxl,0.7663329603991805
sd-3,0.782327147415214
flux-schnell,0.6613886749119677
flux-dev,0.7173842834902068
deepfloyd-m,0.8080159371588338
deepfloyd-l,0.7290121584983124
deepfloyd-xl,0.730961818129169
