model_name,concept_entropy
sd-1.1,0.7922136853977455
sd-1.4,0.7183965432895081
sd-2.1,0.7204736436913904
sdxl,0.5691623099966338
sdxl-turbo,0.274579024378916
lcm-sdxl,0.6400772008133429
sd-3,0.32473767940215287
flux-schnell,0.5072674614664366
flux-dev,0.4796757806450221
deepfloyd-m,0.6878373817045927
deepfloyd-l,0.5538983344525505
deepfloyd-xl,0.6537231841127699
