model_name,concept_entropy
sd-1.1,0.5079353563991224
sd-1.4,0.8134206439900629
sd-2.1,0.5551258784276777
sdxl,0.7184054160442899
sdxl-turbo,0.5234618393084318
lcm-sdxl,0.629031156929897
sd-3,0.4618870317337018
flux-schnell,0.7058007950321836
flux-dev,0.9567150364494875
deepfloyd-m,0.6013755347409403
deepfloyd-l,0.7888864002543745
deepfloyd-xl,0.7464470639465517
