model_name,concept_entropy
sd-1.1,0.9515388458648668
sd-1.4,0.9729489185850047
sd-2.1,0.9367542415036744
sdxl,0.5804663887817841
sdxl-turbo,0.23459769469962305
lcm-sdxl,0.6094188479661131
sd-3,0.01780951971622003
flux-schnell,0.37824164440536223
flux-dev,0.35967296964807305
deepfloyd-m,0.9194122093890681
deepfloyd-l,0.668391736688325
deepfloyd-xl,0.6513415208830348
