model_name,concept_entropy
sd-1.1,0.12376778912348373
sd-1.4,0.24244471195214162
sd-2.1,0.1359780341583477
sdxl,0.09876456974209911
sdxl-turbo,-0.0
lcm-sdxl,-0.0
sd-3,0.08118015661897879
flux-schnell,0.2753098869167068
flux-dev,0.05226032896944473
deepfloyd-m,0.2592795483278863
deepfloyd-l,0.07717584658678442
deepfloyd-xl,0.48351757375843973
