model_name,concept_entropy
sd-1.1,0.7975267811459819
sd-1.4,0.7212336660068316
sd-2.1,0.7609219025400363
sdxl,0.5921380734473686
sdxl-turbo,0.18041292007988954
lcm-sdxl,0.5827973061853141
sd-3,0.3677157184768908
flux-schnell,0.5909756259308254
flux-dev,0.6318885627719378
deepfloyd-m,0.7908381729922577
deepfloyd-l,0.736723675642868
deepfloyd-xl,0.7790538755427409
