model_name,concept_entropy
sd-1.1,0.255256371615552
sd-1.4,0.3971121010956929
sd-2.1,0.35444801105749696
sdxl,0.19098340409976475
sdxl-turbo,0.019559043380280555
lcm-sdxl,0.0076590878937644056
sd-3,0.2098667193583638
flux-schnell,0.53653660770656
flux-dev,0.3169160572829405
deepfloyd-m,0.3707024114038045
deepfloyd-l,0.1971786338596082
deepfloyd-xl,0.39807471318982335
