model_name,concept_entropy
sd-1.1,0.7031685163618207
sd-1.4,0.34378486320682705
sd-2.1,0.47945562203123393
sdxl,0.4490357918083011
sdxl-turbo,0.15976788116214136
lcm-sdxl,0.77655578544446
sd-3,0.24129637441729995
flux-schnell,0.5213432851990322
flux-dev,0.4466106140367164
deepfloyd-m,0.36930707878519975
deepfloyd-l,0.12394986771100759
deepfloyd-xl,0.5903059568902147
