model_name,concept_entropy
sd-1.1,0.248872624572909
sd-1.4,0.19632475940178362
sd-2.1,0.20754246726310258
sdxl,0.08283104194188465
sdxl-turbo,0.052935429304152695
lcm-sdxl,0.09794744893710168
sd-3,0.013334876209349974
flux-schnell,0.3406214924601715
flux-dev,0.3041941765320652
deepfloyd-m,0.24701169511918475
deepfloyd-l,0.2048206787118546
deepfloyd-xl,0.19562834552928962
