model_name,concept_entropy
sd-1.1,0.5042755034317457
sd-1.4,0.45871600033730614
sd-2.1,0.46673664843428386
sdxl,0.35116008915822117
sdxl-turbo,0.46821645720489796
lcm-sdxl,0.39852810251601084
sd-3,0.35121098325407124
flux-schnell,0.5261351608767368
flux-dev,0.41096921332008357
deepfloyd-m,0.5460929721900503
deepfloyd-l,0.4717793824024829
deepfloyd-xl,0.39559724058304485
