model_name,concept_entropy
sd-1.1,0.9584267851821704
sd-1.4,0.9844776018134339
sd-2.1,0.9977068563760698
sdxl,0.8181559928454063
sdxl-turbo,0.6152538910563409
lcm-sdxl,0.7319817536052415
sd-3,0.48464773973144537
flux-schnell,0.5394494287702182
flux-dev,0.18620465042839007
deepfloyd-m,0.9495305379073826
deepfloyd-l,0.8046195279191841
deepfloyd-xl,0.7963238646260713
