model_name,concept_entropy
sd-1.1,0.5029545695989662
sd-1.4,0.41890185151848486
sd-2.1,0.4095714466821762
sdxl,0.39228787954919453
sdxl-turbo,0.2965780561442978
lcm-sdxl,0.4051728257762748
sd-3,0.28805988202109156
flux-schnell,0.30646358195431606
flux-dev,0.3266378573747547
deepfloyd-m,0.4767689382937358
deepfloyd-l,0.424435248714595
deepfloyd-xl,0.4491870187494026
