model_name,concept_entropy
sd-1.1,0.8448984043061822
sd-1.4,0.9992377182710622
sd-2.1,0.9515982469081508
sdxl,0.9954019732577541
sdxl-turbo,0.949383780341964
lcm-sdxl,0.8865408928220899
sd-3,0.8039201632351789
flux-schnell,0.7516020411441285
flux-dev,0.7969420260688092
deepfloyd-m,0.9922666387194963
deepfloyd-l,0.9904991957259885
deepfloyd-xl,0.9877488035011656
