model_name,concept_entropy
sd-1.1,0.5587116202489697
sd-1.4,0.7910926483772293
sd-2.1,0.7868713321153917
sdxl,0.7572845018416392
sdxl-turbo,0.602127386283137
lcm-sdxl,0.7439680560639097
sd-3,0.2495692164198573
flux-schnell,0.20994209677548029
flux-dev,0.27007304483399436
deepfloyd-m,0.7302603417087671
deepfloyd-l,0.6951546580518659
deepfloyd-xl,0.598893469808469
