model_name,concept_entropy
sd-1.1,0.573593074249144
sd-1.4,0.9671553815664917
sd-2.1,0.9989506729409356
sdxl,0.9707460528551215
sdxl-turbo,0.6335048075692831
lcm-sdxl,0.6716363500201193
sd-3,0.14144054254182067
flux-schnell,0.032276113665098506
flux-dev,0.3804927835016101
deepfloyd-m,0.8849636363831528
deepfloyd-l,0.8323631518702828
deepfloyd-xl,0.7558087099889295
