model_name,concept_entropy
sd-1.1,0.6324448153215841
sd-1.4,0.5376674254589875
sd-2.1,0.4625042787311875
sdxl,0.32744334262501495
sdxl-turbo,0.18424315970334712
lcm-sdxl,0.33824478163598537
sd-3,0.19204749664558543
flux-schnell,0.21093454082022925
flux-dev,0.09440990990241063
deepfloyd-m,0.44413191041418054
deepfloyd-l,0.4189376509411112
deepfloyd-xl,0.41871600300939527
