model_name,concept_entropy
sd-1.1,0.8456250852291445
sd-1.4,0.9428892258334326
sd-2.1,0.9805263709614215
sdxl,0.9699150890305034
sdxl-turbo,0.9870513355458675
lcm-sdxl,0.9758972454257235
sd-3,0.9399811758962497
flux-schnell,0.7172131113279079
flux-dev,0.5248696109842153
deepfloyd-m,0.8952255674643821
deepfloyd-l,0.9333311954088901
deepfloyd-xl,0.9996234310527231
