model_name,concept_entropy
sd-1.1,0.6262480056738469
sd-1.4,0.775257491907546
sd-2.1,0.79823817838767
sdxl,0.832813732573112
sdxl-turbo,0.7974257080977778
lcm-sdxl,0.813852459387513
sd-3,0.639641435958492
flux-schnell,0.5543330270559289
flux-dev,0.5035795845487401
deepfloyd-m,0.7926477945242695
deepfloyd-l,0.8172912358033935
deepfloyd-xl,0.830533931007057
