model_name,concept_entropy
sd-1.1,0.9880374970252859
sd-1.4,0.9775838196925766
sd-2.1,0.9999781427136769
sdxl,0.9897731717334667
sdxl-turbo,0.9989290750488318
lcm-sdxl,0.8949338000965253
sd-3,0.9994658251173283
flux-schnell,0.7961658967043367
flux-dev,0.9998981126521336
deepfloyd-m,0.999589531877757
deepfloyd-l,0.9565184422720038
deepfloyd-xl,0.9970293676535713
