model_name,concept_entropy
sd-1.1,0.23304589256445052
sd-1.4,0.40508673113308336
sd-2.1,0.8604605484267929
sdxl,0.6110943170911971
sdxl-turbo,0.2573720095233589
lcm-sdxl,0.6428669037836274
sd-3,0.235792419175219
flux-schnell,0.7763007422114794
flux-dev,0.30058828898446993
deepfloyd-m,0.5522238815245839
deepfloyd-l,0.4851382604443085
deepfloyd-xl,0.7011167620708147
