model_name,concept_entropy
sd-1.1,0.5779105412958208
sd-1.4,0.5222402729763757
sd-2.1,0.9972813343356697
sdxl,0.24229218908241482
sdxl-turbo,0.8414646362081757
lcm-sdxl,0.28639695711595625
sd-3,0.14162797097867802
flux-schnell,0.2029432529489023
flux-dev,0.032276113665098506
deepfloyd-m,0.6851054882533837
deepfloyd-l,0.44790785891493196
deepfloyd-xl,0.560426604037194
