model_name,concept_entropy
sd-1.1,0.40813961558302925
sd-1.4,0.4015672232569603
sd-2.1,0.718819849648319
sdxl,0.4795843772632951
sdxl-turbo,0.389872353523448
lcm-sdxl,0.5119539597462787
sd-3,0.26868757561671897
flux-schnell,0.27667365187143905
flux-dev,0.1976809417988436
deepfloyd-m,0.6871122396527891
deepfloyd-l,0.5063714304606264
deepfloyd-xl,0.6080546998008446
