model_name,concept_entropy
sd-1.1,0.10327508457163546
sd-1.4,0.06287459291205647
sd-2.1,0.16408230665001755
sdxl,0.10215803640865039
sdxl-turbo,-0.0
lcm-sdxl,0.27240378225490236
sd-3,0.01783526718290671
flux-schnell,0.03232201166391055
flux-dev,0.01783526718290671
deepfloyd-m,0.6658709101429008
deepfloyd-l,0.23281584241816172
deepfloyd-xl,0.22824547670332765
