model_name,concept_entropy
sd-1.1,0.4678862473138102
sd-1.4,0.9711602473785212
sd-2.1,0.9153388272796021
sdxl,0.5821898230844904
sdxl-turbo,0.23459769469962305
lcm-sdxl,0.5972497937617305
sd-3,0.8708644692353644
flux-schnell,0.783776947484701
flux-dev,0.3721127678115677
deepfloyd-m,0.9575072447602614
deepfloyd-l,0.9823887630929411
deepfloyd-xl,0.9758182533752391
