model_name,concept_entropy
sd-1.1,0.5828510489580689
sd-1.4,0.6879793050857466
sd-2.1,0.6254935668303524
sdxl,0.43152344581510277
sdxl-turbo,0.3666416903156965
lcm-sdxl,0.4816857130669763
sd-3,0.640890833675451
flux-schnell,0.3926995207325943
flux-dev,0.2554660200033445
deepfloyd-m,0.7378476562580161
deepfloyd-l,0.6077276522447701
deepfloyd-xl,0.5850836194506053
