model_name,concept_entropy
sd-1.1,0.940813282984484
sd-1.4,0.9783869540246988
sd-2.1,0.8439765814777276
sdxl,0.4019394467425617
sdxl-turbo,0.2720647864044614
lcm-sdxl,0.5972497937617305
sd-3,0.8242209207918307
flux-schnell,0.15069883184348942
flux-dev,0.08079313589591118
deepfloyd-m,0.8370062826214659
deepfloyd-l,0.593541048682331
deepfloyd-xl,0.7117287161071904
