model_name,concept_entropy
sd-1.1,0.8308897202615995
sd-1.4,0.8498794538950275
sd-2.1,0.855799943553474
sdxl,0.5951494989479038
sdxl-turbo,0.77317192588864
lcm-sdxl,0.6852037433652666
sd-3,0.8045285230487036
flux-schnell,0.5879894722143236
flux-dev,0.7370837251641105
deepfloyd-m,0.8116914955596168
deepfloyd-l,0.839466176961008
deepfloyd-xl,0.830950885423797
