model_name,concept_entropy
sd-1.1,0.8724984257238861
sd-1.4,0.8936591623176587
sd-2.1,0.9784880757731842
sdxl,0.5293608652873644
sdxl-turbo,0.9997927658541268
lcm-sdxl,0.8408400584625579
sd-3,0.931055823385033
flux-schnell,0.22737241593591026
flux-dev,0.7041314035533998
deepfloyd-m,0.7024665512903903
deepfloyd-l,0.8265758146026101
deepfloyd-xl,0.77655578544446
