model_name,concept_entropy
sd-1.1,0.9999192227559508
sd-1.4,0.9992749904539564
sd-2.1,0.9182958340544896
sdxl,0.2726177041653687
sdxl-turbo,0.7321664944834663
lcm-sdxl,0.3824526942760072
sd-3,0.9831491282282877
flux-schnell,0.5822463050121238
flux-dev,0.8258271589668286
deepfloyd-m,0.9698696469341127
deepfloyd-l,0.9982752029076148
deepfloyd-xl,0.9761272279990492
