model_name,concept_entropy
sd-1.1,0.5422253804082049
sd-1.4,0.7404709526813501
sd-2.1,0.7737771992881303
sdxl,0.7463329880183164
sdxl-turbo,0.8052272663500919
lcm-sdxl,0.7189803025075876
sd-3,0.7708374874153742
flux-schnell,0.856090749115655
flux-dev,0.6818358012215567
deepfloyd-m,0.6419646487546755
deepfloyd-l,0.7788168114632914
deepfloyd-xl,0.7952971514899224
