model_name,concept_entropy
sd-1.1,0.7658090691718461
sd-1.4,0.791076293879417
sd-2.1,0.7875777804000462
sdxl,0.6071157864277943
sdxl-turbo,0.6701217810426349
lcm-sdxl,0.6460023279304261
sd-3,0.7013259928087241
flux-schnell,0.6332872751187985
flux-dev,0.6302598476804787
deepfloyd-m,0.8274883109610314
deepfloyd-l,0.8078500622641167
deepfloyd-xl,0.8148780624442922
