model_name,concept_entropy
sd-1.1,0.979214484282271
sd-1.4,0.9911971033878715
sd-2.1,0.9493815480976364
sdxl,0.9986450454194944
sdxl-turbo,0.9858150371789198
lcm-sdxl,0.9999278640456615
sd-3,0.7158772126250337
flux-schnell,0.7292131315245098
flux-dev,0.7922576681278016
deepfloyd-m,0.9440579566330299
deepfloyd-l,0.9264046681474138
deepfloyd-xl,0.9264046681474138
