model_name,concept_entropy
sd-1.1,0.287528342319802
sd-1.4,0.405611051884748
sd-2.1,0.23526102196480153
sdxl,0.1665812777267371
sdxl-turbo,0.025038785713718117
lcm-sdxl,0.0943772345720187
sd-3,0.0404518946664236
flux-schnell,0.07404112830945386
flux-dev,0.13465927779226955
deepfloyd-m,0.08857266861972465
deepfloyd-l,0.28555666810692953
deepfloyd-xl,0.16874135549039482
