model_name,concept_entropy
sd-1.1,0.6011603440980515
sd-1.4,0.7836253501105019
sd-2.1,0.7401969178926454
sdxl,0.77621557133537
sdxl-turbo,0.7781084206253003
lcm-sdxl,0.8699667459008016
sd-3,0.6380560177472543
flux-schnell,0.5676971914376074
flux-dev,0.7066856985806004
deepfloyd-m,0.6699275704989265
deepfloyd-l,0.6445785453962538
deepfloyd-xl,0.7326130733881204
