model_name,concept_entropy
sd-1.1,0.668127333843614
sd-1.4,0.6325703643537788
sd-2.1,0.8466761993173607
sdxl,0.8466516328742587
sdxl-turbo,0.9279728147199555
lcm-sdxl,0.8570059697887857
sd-3,0.6690158350565576
flux-schnell,0.8517608318524025
flux-dev,0.6190478395695683
deepfloyd-m,0.8831259027291833
deepfloyd-l,0.7628544172834547
deepfloyd-xl,0.7266247935973423
