model_name,concept_entropy
sd-1.1,0.06952964699480783
sd-1.4,0.3162419019818901
sd-2.1,0.05909292838573303
sdxl,0.2034670756352899
sdxl-turbo,0.1778520929729859
lcm-sdxl,0.05834540713261181
sd-3,0.046324864357311146
flux-schnell,0.0454146923337941
flux-dev,0.15312276968486213
deepfloyd-m,0.13232952259173228
deepfloyd-l,0.26914096560137274
deepfloyd-xl,0.33393606313636676
