model_name,concept_entropy
sd-1.1,0.684835461528326
sd-1.4,0.55001134780965
sd-2.1,0.7578305534267461
sdxl,0.39368987712143944
sdxl-turbo,0.47508141563407325
lcm-sdxl,0.4916814071496115
sd-3,0.15412962746253672
flux-schnell,0.09134525994775274
flux-dev,0.0530865925361263
deepfloyd-m,0.4851525039690046
deepfloyd-l,0.33989869076463053
deepfloyd-xl,0.5016361550589352
