model_name,concept_entropy
sd-1.1,0.798265513632153
sd-1.4,0.7953457815628169
sd-2.1,0.8801804817175783
sdxl,0.7777862140217471
sdxl-turbo,0.7005520571774956
lcm-sdxl,0.7654039596323755
sd-3,0.7658821023735533
flux-schnell,0.8264310353384426
flux-dev,0.7534889243930112
deepfloyd-m,0.8030762106722105
deepfloyd-l,0.7835675004664928
deepfloyd-xl,0.8148343343203672
