model_name,concept_entropy
sd-1.1,0.8868039458416389
sd-1.4,0.7484761150465138
sd-2.1,0.7718777802947339
sdxl,0.9799366853875722
sdxl-turbo,0.9999679398727176
lcm-sdxl,0.978274237589219
sd-3,0.5580330859133965
flux-schnell,0.8165187119538281
flux-dev,0.949383780341964
deepfloyd-m,0.7446564574798825
deepfloyd-l,0.5804663887817841
deepfloyd-xl,0.9806695605145268
