model_name,concept_entropy
sd-1.1,0.997986774235377
sd-1.4,0.975666001270831
sd-2.1,0.8918690811121541
sdxl,0.9107525440167923
sdxl-turbo,0.9998985723909075
lcm-sdxl,0.9271352555413288
sd-3,0.738140766306522
flux-schnell,0.7900781577925235
flux-dev,0.7831262902781858
deepfloyd-m,0.8967748194767784
deepfloyd-l,0.9617136136083146
deepfloyd-xl,0.9950568117456674
