model_name,concept_entropy
sd-1.1,0.054185698091702955
sd-1.4,0.15522831953340333
sd-2.1,0.5586293734521992
sdxl,0.7693460863969732
sdxl-turbo,0.9982708123573114
lcm-sdxl,0.8159533934404568
sd-3,0.24229218908241482
flux-schnell,0.06981822188997239
flux-dev,0.5199498231772391
deepfloyd-m,0.48482815123426737
deepfloyd-l,0.6193821946787638
deepfloyd-xl,0.5170738643583375
