model_name,concept_entropy
sd-1.1,0.0962927636813615
sd-1.4,0.24678395505718845
sd-2.1,0.5046602469524539
sdxl,0.820545762038849
sdxl-turbo,0.9863272953226604
lcm-sdxl,0.8881985016843015
sd-3,-0.0
flux-schnell,0.01783526718290671
flux-dev,0.032694298886860707
deepfloyd-m,0.4492562514526831
deepfloyd-l,0.4887749831422168
deepfloyd-xl,0.539485868323474
