model_name,concept_entropy
sd-1.1,0.20694594564137175
sd-1.4,0.13375816068856256
sd-2.1,0.10215803640865039
sdxl,0.10398685921606925
sdxl-turbo,0.05777796017013378
lcm-sdxl,0.11327430349709672
sd-3,0.13232952259173228
flux-schnell,0.032230355211769486
flux-dev,0.0325536179441122
deepfloyd-m,0.13375816068856256
deepfloyd-l,0.19117694685725697
deepfloyd-xl,0.12344724964758372
