model_name,concept_entropy
sd-1.1,0.11710848413463139
sd-1.4,0.0876640305993471
sd-2.1,0.05178865057445141
sdxl,0.0901842451411787
sdxl-turbo,0.02500308575203328
lcm-sdxl,0.04887573966292312
sd-3,0.08045170331959463
flux-schnell,0.01778184427255141
flux-dev,0.025255298110244566
deepfloyd-m,0.06799152763416177
deepfloyd-l,0.10091612758370809
deepfloyd-xl,0.06883908046449196
