model_name,concept_entropy
sd-1.1,0.7537244083895555
sd-1.4,0.7697419473656245
sd-2.1,0.7193564831512909
sdxl,0.7837746727904225
sdxl-turbo,0.7229897128650622
lcm-sdxl,0.6643111224188828
sd-3,0.29298638721062054
flux-schnell,0.7517749230991646
flux-dev,0.5324626922705122
deepfloyd-m,0.7284460711788414
deepfloyd-l,0.8000272523637546
deepfloyd-xl,0.7230930909136465
