model_name,concept_entropy
sd-1.1,0.8139808382246969
sd-1.4,0.7515452122521962
sd-2.1,0.8154515979042349
sdxl,0.635489638182683
sdxl-turbo,0.3131372556488382
lcm-sdxl,0.6107462655254401
sd-3,0.6560030647307209
flux-schnell,0.2715946899714547
flux-dev,0.30832787534891637
deepfloyd-m,0.5868565787614073
deepfloyd-l,0.7711557488465173
deepfloyd-xl,0.5824367288534463
