model_name,concept_entropy
sd-1.1,0.7908802294494308
sd-1.4,0.8065485952226334
sd-2.1,0.8729880916116521
sdxl,0.7128383619836253
sdxl-turbo,0.5058930459468286
lcm-sdxl,0.5692537518248252
sd-3,0.5416689659939679
flux-schnell,0.6667350704023661
flux-dev,0.4314209888729597
deepfloyd-m,0.8843145478350155
deepfloyd-l,0.8149895549834091
deepfloyd-xl,0.6968901699658867
