model_name,concept_entropy
sd-1.1,0.7170130991253578
sd-1.4,0.6860149825611656
sd-2.1,0.8265086395554189
sdxl,0.593541048682331
sdxl-turbo,0.4759768146614607
lcm-sdxl,0.5586293734521992
sd-3,0.2573720095233589
flux-schnell,0.6672327795211134
flux-dev,0.8966387659090056
deepfloyd-m,0.953606176338325
deepfloyd-l,0.8893451019625458
deepfloyd-xl,0.9020359401205471
