model_name,concept_entropy
sd-1.1,0.9853321526088935
sd-1.4,0.9259603288835835
sd-2.1,0.9844173119414859
sdxl,0.8423074510400834
sdxl-turbo,0.5760485074273431
lcm-sdxl,0.40850054506214584
sd-3,0.9785648817656707
flux-schnell,0.7373268013374283
flux-dev,0.1326835468540929
deepfloyd-m,0.8529274192526158
deepfloyd-l,0.9931115764876104
deepfloyd-xl,0.8851465378330554
