model_name,concept_entropy
sd-1.1,0.8037454852310179
sd-1.4,0.8660605968386946
sd-2.1,0.7641910750841664
sdxl,0.7114599365582683
sdxl-turbo,0.49032596905189096
lcm-sdxl,0.5432652979068653
sd-3,0.7842741340438801
flux-schnell,0.7638125650541264
flux-dev,0.5068660249127336
deepfloyd-m,0.7455202190168935
deepfloyd-l,0.8313865131285783
deepfloyd-xl,0.747072346664862
