model_name,concept_entropy
sd-1.1,0.729141475001539
sd-1.4,0.9284643240616532
sd-2.1,0.9782298239068766
sdxl,0.9931231770192239
sdxl-turbo,0.9519543850564235
lcm-sdxl,0.9951697399028583
sd-3,0.8440528571262333
flux-schnell,0.9149263727797274
flux-dev,0.9777199791631697
deepfloyd-m,0.9905215472195843
deepfloyd-l,0.9314972128035197
deepfloyd-xl,0.7885131605379785
