model_name,concept_entropy
sd-1.1,0.49400858632900435
sd-1.4,0.8608567416172286
sd-2.1,0.9879105361515654
sdxl,0.8847787172506494
sdxl-turbo,0.8731023518854522
lcm-sdxl,0.5144176798001542
sd-3,0.9470106589443037
flux-schnell,0.1943918578315762
flux-dev,0.14144054254182067
deepfloyd-m,0.9996933154895948
deepfloyd-l,0.9692966653658135
deepfloyd-xl,0.9419004879126625
