model_name,concept_entropy
sd-1.1,0.09648861148175135
sd-1.4,0.10019105063984027
sd-2.1,0.10673760671423499
sdxl,0.0741643773795479
sdxl-turbo,0.010746090544196644
lcm-sdxl,0.1006842447935399
sd-3,0.019676624681150424
flux-schnell,0.010295047208573993
flux-dev,0.03760970143040825
deepfloyd-m,0.06713051915070561
deepfloyd-l,0.0786582227534929
deepfloyd-xl,0.11023358244093225
