model_name,concept_entropy
sd-1.1,0.9895396413974054
sd-1.4,0.9900992125460544
sd-2.1,0.7813653753433307
sdxl,0.99829720329288
sdxl-turbo,0.7252489307994537
lcm-sdxl,0.8005396924516177
sd-3,0.8994494899924323
flux-schnell,0.9348226305549343
flux-dev,0.9775696629057534
deepfloyd-m,0.5947571653795372
deepfloyd-l,0.2803177531955269
deepfloyd-xl,0.4031212483432094
