model_name,concept_entropy
sd-1.1,0.9818946988156634
sd-1.4,0.9988455359952018
sd-2.1,0.9939473262313092
sdxl,0.9593795191444578
sdxl-turbo,0.8577118334973968
lcm-sdxl,0.9467554496831931
sd-3,0.7922576681278016
flux-schnell,0.6538779131271738
flux-dev,0.41955649623854696
deepfloyd-m,0.8748505400401534
deepfloyd-l,0.8079426286151241
deepfloyd-xl,0.9997982737487051
