model_name,concept_entropy
sd-1.1,0.6102984483962695
sd-1.4,0.5936336392581321
sd-2.1,0.9830798227820489
sdxl,0.36842412240211986
sdxl-turbo,0.839648740158488
lcm-sdxl,0.37123232664087563
sd-3,0.4652677059083352
flux-schnell,0.06952964699480783
flux-dev,0.7049450065963295
deepfloyd-m,0.8487471395654471
deepfloyd-l,0.5903891042521846
deepfloyd-xl,0.41582963600874007
