model_name,concept_entropy
sd-1.1,0.6491793497929433
sd-1.4,0.6604286234395763
sd-2.1,0.7522156452930849
sdxl,0.5925638313278035
sdxl-turbo,0.4445397711758894
lcm-sdxl,0.3132875086598384
sd-3,0.5917599355884241
flux-schnell,0.09094668501855141
flux-dev,0.05305859190737442
deepfloyd-m,0.6631337013857285
deepfloyd-l,0.6535832057740398
deepfloyd-xl,0.5218325931115947
