model_name,concept_entropy
sd-1.1,0.5462559611591769
sd-1.4,0.689120738254489
sd-2.1,0.7245233535397897
sdxl,0.6160415086214138
sdxl-turbo,0.557782334262436
lcm-sdxl,0.37189610653939836
sd-3,0.6329482650737109
flux-schnell,0.12843972079222693
flux-dev,0.08280663881407513
deepfloyd-m,0.688529230561256
deepfloyd-l,0.6909940811889085
deepfloyd-xl,0.608501049104017
