model_name,concept_entropy
sd-1.1,0.517663497126534
sd-1.4,0.7054690408228711
sd-2.1,0.9741655523680581
sdxl,0.8254313497185739
sdxl-turbo,0.864421769768476
lcm-sdxl,0.5459468901727664
sd-3,0.8237287433102095
flux-schnell,0.1943918578315762
flux-dev,0.14144054254182067
deepfloyd-m,0.9954263397180874
deepfloyd-l,0.9807790574038622
deepfloyd-xl,0.9272479282765909
