model_name,concept_entropy
sd-1.1,0.9507992717492203
sd-1.4,0.9863676072907088
sd-2.1,0.9642195820598006
sdxl,0.9411604367733156
sdxl-turbo,0.8648407523385646
lcm-sdxl,0.9170609076574476
sd-3,0.8812908992306927
flux-schnell,0.839710440732413
flux-dev,0.863840307697072
deepfloyd-m,0.9205775497264845
deepfloyd-l,0.8738215589794163
deepfloyd-xl,0.9979845902675635
