model_name,concept_entropy
sd-1.1,0.9999424938532382
sd-1.4,0.9224837120857472
sd-2.1,0.9911797370079011
sdxl,0.8166610936131946
sdxl-turbo,0.9996683129862827
lcm-sdxl,0.9417840270938513
sd-3,0.9386808697586007
flux-schnell,0.8882128793262263
flux-dev,0.7730478981581869
deepfloyd-m,0.9787245683825682
deepfloyd-l,0.9778391449898265
deepfloyd-xl,0.9641887891548019
