model_name,concept_entropy
sd-1.1,0.7452806075363487
sd-1.4,0.7405145854543463
sd-2.1,0.6728528441266436
sdxl,0.49492373262988465
sdxl-turbo,0.5003666194085665
lcm-sdxl,0.5100470696954831
sd-3,0.5967166723146391
flux-schnell,0.5628927499098856
flux-dev,0.5864259241502927
deepfloyd-m,0.7522427318163485
deepfloyd-l,0.7312345149053847
deepfloyd-xl,0.6839058626196517
