model_name,concept_entropy
sd-1.1,0.9343784897557397
sd-1.4,0.9951725043244706
sd-2.1,0.9998694459264539
sdxl,0.9990247754796193
sdxl-turbo,0.8159533934404568
lcm-sdxl,0.9946678636639474
sd-3,0.7538594281953073
flux-schnell,0.49572186230182314
flux-dev,0.21988771218053432
deepfloyd-m,0.9999061390437954
deepfloyd-l,0.954265431403903
deepfloyd-xl,0.9865935779773282
