model_name,concept_entropy
sd-1.1,0.6358876193784256
sd-1.4,0.6509122397888034
sd-2.1,0.5593243193338929
sdxl,0.6561304683468087
sdxl-turbo,0.6051868747152438
lcm-sdxl,0.6403575106037871
sd-3,0.5194149756625194
flux-schnell,0.48037907587088685
flux-dev,0.39341666083200405
deepfloyd-m,0.6613599023701962
deepfloyd-l,0.667458852314882
deepfloyd-xl,0.6297177935866234
