model_name,concept_entropy
sd-1.1,0.9078619154263696
sd-1.4,0.9998706090206754
sd-2.1,0.9965322634876733
sdxl,0.9147088431405324
sdxl-turbo,0.9686188279433796
lcm-sdxl,0.5642787445709189
sd-3,0.345117314944953
flux-schnell,0.4614795521092419
flux-dev,0.3898350252571065
deepfloyd-m,0.9902879670258544
deepfloyd-l,0.9501866467511051
deepfloyd-xl,0.9936811719882035
