model_name,concept_entropy
sd-1.1,0.9352762324093059
sd-1.4,0.8827370398531172
sd-2.1,0.9056063168256075
sdxl,0.6462456277203833
sdxl-turbo,0.4841412690815612
lcm-sdxl,0.727881483741241
sd-3,0.1279220632536411
flux-schnell,0.25035642604700575
flux-dev,0.1056604114357033
deepfloyd-m,0.8826620408020845
deepfloyd-l,0.8347055980930002
deepfloyd-xl,0.7877473222762087
