model_name,concept_entropy
sd-1.1,0.9729098865931194
sd-1.4,0.9865796201614101
sd-2.1,0.6440344720077356
sdxl,0.557438185027989
sdxl-turbo,0.47425664713765336
lcm-sdxl,0.640851989664436
sd-3,0.8687672122273645
flux-schnell,0.017783851361743246
flux-dev,0.16039913536079176
deepfloyd-m,0.7736681690240588
deepfloyd-l,0.8313334890398867
deepfloyd-xl,0.6691127511194644
