model_name,concept_entropy
sd-1.1,0.5098891423431209
sd-1.4,0.5929023785124913
sd-2.1,0.12174954335844139
sdxl,0.03519227287746145
sdxl-turbo,-0.0
lcm-sdxl,-0.0
sd-3,-0.0
flux-schnell,0.019891811280950862
flux-dev,0.46770568015322705
deepfloyd-m,0.19143325481419343
deepfloyd-l,0.16932446044948007
deepfloyd-xl,0.2586689318189272
