model_name,concept_entropy
sd-1.1,0.5117006844251705
sd-1.4,0.5610271588635506
sd-2.1,0.49167110832899547
sdxl,0.4887526303972381
sdxl-turbo,0.4306896697391611
lcm-sdxl,0.4718530354300613
sd-3,0.31112236580334734
flux-schnell,0.2578604655989752
flux-dev,0.3362907176824031
deepfloyd-m,0.458838914908439
deepfloyd-l,0.467809554654466
deepfloyd-xl,0.5239977936183451
