model_name,concept_entropy
sd-1.1,0.83865586783994
sd-1.4,0.8073502445816925
sd-2.1,0.9587617877372026
sdxl,0.6644306172803849
sdxl-turbo,0.5603330679916289
lcm-sdxl,0.7774210335455316
sd-3,0.5166633755129186
flux-schnell,0.6473525658019599
flux-dev,0.6945340049479665
deepfloyd-m,0.7725112409735054
deepfloyd-l,0.8095209293786474
deepfloyd-xl,0.7123271941085194
