model_name,concept_entropy
sd-1.1,0.7022385069638039
sd-1.4,0.6735442405161365
sd-2.1,0.957802257210453
sdxl,0.32922490718913566
sdxl-turbo,0.15069883184348942
lcm-sdxl,0.582916828276323
sd-3,0.08123773168471687
flux-schnell,0.390323673879426
flux-dev,0.3940323370464126
deepfloyd-m,0.5904343079118659
deepfloyd-l,0.6486954266432844
deepfloyd-xl,0.4544930622784751
