model_name,concept_entropy
sd-1.1,0.5343393668857863
sd-1.4,0.683349409984854
sd-2.1,0.896402472146136
sdxl,0.8173379392669047
sdxl-turbo,0.3263601072963406
lcm-sdxl,0.890336951796475
sd-3,0.4716537502526779
flux-schnell,0.6762739321566973
flux-dev,0.4215091896608467
deepfloyd-m,0.9980423339710904
deepfloyd-l,0.782444129406689
deepfloyd-xl,0.8413606360433268
