model_name,concept_entropy
sd-1.1,0.5550882646734226
sd-1.4,0.8880321704985138
sd-2.1,0.9999919850127079
sdxl,0.9580420222262995
sdxl-turbo,0.9603622703154779
lcm-sdxl,0.9889995147589445
sd-3,0.11236071009937675
flux-schnell,0.30764496176762646
flux-dev,0.24988229283318544
deepfloyd-m,0.9975025463691152
deepfloyd-l,0.9990234701004468
deepfloyd-xl,0.9963293314063351
