model_name,concept_entropy
sd-1.1,0.9323203918262422
sd-1.4,0.9701265835492238
sd-2.1,0.9655418006564152
sdxl,0.958542393213416
sdxl-turbo,0.907047275385986
lcm-sdxl,0.9992389443894053
sd-3,0.7498194683842161
flux-schnell,0.7668773633911236
flux-dev,0.8242209207918307
deepfloyd-m,0.946407827615931
deepfloyd-l,0.9603427933690749
deepfloyd-xl,0.6980708112602323
