model_name,concept_entropy
sd-1.1,0.7883019144644905
sd-1.4,0.8786579589278019
sd-2.1,0.9588554289464486
sdxl,0.9372635161263817
sdxl-turbo,0.8025510526169299
lcm-sdxl,0.9593848191602626
sd-3,0.5521367032983774
flux-schnell,0.6037369387021373
flux-dev,0.5191028068147299
deepfloyd-m,0.9374929361458155
deepfloyd-l,0.8781460305109487
deepfloyd-xl,0.7988350328569342
