model_name,concept_entropy
sd-1.1,0.6146217091354376
sd-1.4,0.5618502161851623
sd-2.1,0.44515960844563046
sdxl,0.46847584358159167
sdxl-turbo,0.3953750172558483
lcm-sdxl,0.48094051745490746
sd-3,0.5925943150698404
flux-schnell,0.43869155996223613
flux-dev,0.40492686454627314
deepfloyd-m,0.3756765381132333
deepfloyd-l,0.5672665165608894
deepfloyd-xl,0.48671712693597785
