model_name,concept_entropy
sd-1.1,0.33724715530236904
sd-1.4,0.27599901381607866
sd-2.1,0.2490619747453916
sdxl,0.24511324080411026
sdxl-turbo,0.12401376857508761
lcm-sdxl,0.1564818330588339
sd-3,0.35072120534759943
flux-schnell,0.0826867508411851
flux-dev,0.04714684751394022
deepfloyd-m,0.20551443908642128
deepfloyd-l,0.18725533851627355
deepfloyd-xl,0.2122128691626107
