model_name,concept_entropy
sd-1.1,0.4968158532342295
sd-1.4,0.5100235506661775
sd-2.1,0.45874366509712844
sdxl,0.48094747955879324
sdxl-turbo,0.4822054208721917
lcm-sdxl,0.38478110166327517
sd-3,0.5150507329646589
flux-schnell,0.45923526131433184
flux-dev,0.35852414260607424
deepfloyd-m,0.46777174095145274
deepfloyd-l,0.5845560713361518
deepfloyd-xl,0.5855414768122054
