model_name,concept_entropy
sd-1.1,0.831053473163142
sd-1.4,0.8372269988370453
sd-2.1,0.7621750834259444
sdxl,0.719441773987435
sdxl-turbo,0.6460507275843379
lcm-sdxl,0.6591762765420629
sd-3,0.6336275069258075
flux-schnell,0.6533287735196962
flux-dev,0.6568359862290721
deepfloyd-m,0.8155903654337479
deepfloyd-l,0.7749462328423702
deepfloyd-xl,0.8298721425675424
