model_name,concept_entropy
sd-1.1,0.9096248572717385
sd-1.4,0.9967123557000845
sd-2.1,0.9068282457124686
sdxl,0.9240134211492491
sdxl-turbo,0.7364019376333102
lcm-sdxl,0.8798332855004178
sd-3,0.9971708427704326
flux-schnell,0.999113214695781
flux-dev,0.967424306529264
deepfloyd-m,0.9999909931573425
deepfloyd-l,0.8425401940581869
deepfloyd-xl,0.9999450736399311
