model_name,concept_entropy
sd-1.1,0.9662529021319778
sd-1.4,0.9557168197139876
sd-2.1,0.9438200007514994
sdxl,0.9012637525418568
sdxl-turbo,0.9182958340544896
lcm-sdxl,0.8927628651346391
sd-3,0.9216260992169995
flux-schnell,0.9279728147199555
flux-dev,0.8927628651346391
deepfloyd-m,0.9707495674616243
deepfloyd-l,0.9635170473754404
deepfloyd-xl,0.9792542386465242
