model_name,concept_entropy
sd-1.1,0.7155990667972716
sd-1.4,0.7705611146124042
sd-2.1,0.8063817031990426
sdxl,0.7723389198057726
sdxl-turbo,0.7689415740367771
lcm-sdxl,0.7661879129895508
sd-3,0.5221124586517097
flux-schnell,0.7007538574762556
flux-dev,0.6503011510764807
deepfloyd-m,0.7496122850855286
deepfloyd-l,0.7186090169902162
deepfloyd-xl,0.733076578693728
