model_name,concept_entropy
sd-1.1,0.9582162229357931
sd-1.4,0.863120568566631
sd-2.1,0.6637887951650681
sdxl,0.7240394551790453
sdxl-turbo,0.6763917043192245
lcm-sdxl,0.6274901200466289
sd-3,0.5405780571129049
flux-schnell,0.646420105788357
flux-dev,0.49085390336111284
deepfloyd-m,0.7867754474309085
deepfloyd-l,0.7191560879066864
deepfloyd-xl,0.696882937678462
