model_name,concept_entropy
sd-1.1,0.6932963563125972
sd-1.4,0.7044387200677675
sd-2.1,0.6873824347884174
sdxl,0.5814480055491186
sdxl-turbo,0.43785250620526517
lcm-sdxl,0.5305325181325111
sd-3,0.41478547286984413
flux-schnell,0.388723339816915
flux-dev,0.31165922416798514
deepfloyd-m,0.8350852031847089
deepfloyd-l,0.7605653040348125
deepfloyd-xl,0.6741001792970127
