model_name,concept_entropy
sd-1.1,0.06528122535903776
sd-1.4,0.1781841770505996
sd-2.1,0.21027579762590498
sdxl,0.07020704793855152
sdxl-turbo,0.17972949016133108
lcm-sdxl,0.18644651093842768
sd-3,0.017783851361743246
flux-schnell,0.09164995196224196
flux-dev,0.01780951971622003
deepfloyd-m,0.11373720581949189
deepfloyd-l,0.14431028218639022
deepfloyd-xl,0.20586163390460716
