model_name,concept_entropy
sd-1.1,0.25638665070352123
sd-1.4,0.39386038029036646
sd-2.1,0.45852454449520347
sdxl,0.360106037030871
sdxl-turbo,0.4240209165805046
lcm-sdxl,0.37964255867354996
sd-3,0.03453545636462014
flux-schnell,0.2470532613053951
flux-dev,0.3242121405154289
deepfloyd-m,0.1874189556868087
deepfloyd-l,0.20216943406360258
deepfloyd-xl,0.29243651594948183
