model_name,concept_entropy
sd-1.1,0.8699385147976871
sd-1.4,0.8934413700954416
sd-2.1,0.9201014165960807
sdxl,0.8696690278550698
sdxl-turbo,0.7754924304028634
lcm-sdxl,0.9313221162953758
sd-3,0.8728505085718662
flux-schnell,0.6680186794247285
flux-dev,0.790110115589608
deepfloyd-m,0.7917099045501876
deepfloyd-l,0.7161749416737592
deepfloyd-xl,0.7204418469425965
