model_name,concept_entropy
sd-1.1,0.9316958485118402
sd-1.4,0.9941129501319255
sd-2.1,0.9996067938913115
sdxl,0.9584807253449193
sdxl-turbo,0.9990234701004468
lcm-sdxl,0.9995021427834141
sd-3,0.9867867202680318
flux-schnell,0.9687578369152352
flux-dev,0.6689198979440939
deepfloyd-m,0.9937149158590919
deepfloyd-l,0.9999803639859715
deepfloyd-xl,0.9417902275352519
