model_name,concept_entropy
sd-1.1,0.5646122123171601
sd-1.4,0.6568563321244419
sd-2.1,0.5898124483651346
sdxl,0.5599931590279585
sdxl-turbo,0.4672204192118475
lcm-sdxl,0.58493345232252
sd-3,0.5045663267997106
flux-schnell,0.5934497566145198
flux-dev,0.5377723584351991
deepfloyd-m,0.6019030099348233
deepfloyd-l,0.5826626448785532
deepfloyd-xl,0.5150453386056767
