model_name,concept_entropy
sd-1.1,0.9539667312137246
sd-1.4,0.6871269864881855
sd-2.1,0.9125322622952061
sdxl,0.9934581899146109
sdxl-turbo,0.7382848661434506
lcm-sdxl,0.8485481782946158
sd-3,0.6303074079971902
flux-schnell,0.21915725061224756
flux-dev,0.6098403047164004
deepfloyd-m,0.9025598027825421
deepfloyd-l,0.8583461659855184
deepfloyd-xl,0.9120525117481317
