model_name,concept_entropy
sd-1.1,0.9999979624380764
sd-1.4,0.9993949003399951
sd-2.1,0.9793183401631393
sdxl,0.780905382751727
sdxl-turbo,0.9440579566330299
lcm-sdxl,0.9603622703154779
sd-3,0.9345888089665579
flux-schnell,0.9025598027825421
flux-dev,0.999604598852091
deepfloyd-m,0.9991983542636398
deepfloyd-l,0.9969399581717842
deepfloyd-xl,0.9997114417528099
