model_name,concept_entropy
sd-1.1,0.9786700902939263
sd-1.4,0.7421035976543152
sd-2.1,0.5493526097279924
sdxl,0.9921586617207419
sdxl-turbo,0.6273133722229702
lcm-sdxl,0.7587981080917867
sd-3,0.9900264224443667
flux-schnell,0.7560477793249203
flux-dev,0.9894469431313807
deepfloyd-m,0.7695674933898162
deepfloyd-l,0.6647682263855959
deepfloyd-xl,0.6039305954280301
