model_name,concept_entropy
sd-1.1,0.5969550354420623
sd-1.4,0.5965259654973322
sd-2.1,0.5357991852736771
sdxl,0.7920020850431326
sdxl-turbo,0.5468707044903539
lcm-sdxl,0.7465357686482552
sd-3,0.5172356455378301
flux-schnell,0.4851973948867174
flux-dev,0.5265791007153984
deepfloyd-m,0.6967243678139334
deepfloyd-l,0.6487367156918751
deepfloyd-xl,0.6646320237898939
