model_name,concept_entropy
sd-1.1,0.21871038915724167
sd-1.4,0.49829095105596094
sd-2.1,0.32402068005605383
sdxl,0.8800484572642207
sdxl-turbo,0.8242209207918307
lcm-sdxl,0.9957572032839621
sd-3,0.10215803640865039
flux-schnell,0.08079313589591118
flux-dev,0.17831739259527896
deepfloyd-m,0.8099502134161032
deepfloyd-l,0.7851137857019584
deepfloyd-xl,0.7864546465839443
