model_name,concept_entropy
sd-1.1,0.9999749415616277
sd-1.4,0.9138217015528641
sd-2.1,0.9512001567617836
sdxl,0.7831927369217914
sdxl-turbo,0.6275460997806204
lcm-sdxl,0.5187991877613196
sd-3,0.7813653753433307
flux-schnell,0.9182958340544896
flux-dev,0.48977901368693755
deepfloyd-m,0.7692682984007835
deepfloyd-l,0.7338256738033287
deepfloyd-xl,0.7068118186195268
