model_name,concept_entropy
sd-1.1,0.9561269129875755
sd-1.4,0.9878178117364383
sd-2.1,0.9967247420891051
sdxl,0.9929700486279689
sdxl-turbo,0.8808789297928312
lcm-sdxl,0.9447903198119405
sd-3,0.9326388640236396
flux-schnell,0.98951758594644
flux-dev,0.8898897832700552
deepfloyd-m,0.6487089385709046
deepfloyd-l,0.6441555109020187
deepfloyd-xl,0.821082959470127
