model_name,concept_entropy
sd-1.1,0.9845739153975277
sd-1.4,0.9627619390397846
sd-2.1,0.9823348723438236
sdxl,0.9240693229602345
sdxl-turbo,0.8311847267230545
lcm-sdxl,0.8174550281596183
sd-3,0.8925732674554469
flux-schnell,0.9501655364188073
flux-dev,0.7709213310464489
deepfloyd-m,0.8037823461161334
deepfloyd-l,0.7891427092789094
deepfloyd-xl,0.8265040958236146
