model_name,concept_entropy
sd-1.1,0.9976198916433798
sd-1.4,0.9866463038300513
sd-2.1,0.9990797181805819
sdxl,0.996045183330943
sdxl-turbo,0.985129150595712
lcm-sdxl,0.9887755769055948
sd-3,0.9637155629993702
flux-schnell,0.9426831892554922
flux-dev,0.9330951961823539
deepfloyd-m,0.9933698013767123
deepfloyd-l,0.9894469431313807
deepfloyd-xl,0.95161750938119
