model_name,concept_entropy
sd-1.1,0.8934377895358889
sd-1.4,0.833021057788081
sd-2.1,0.9094889724409203
sdxl,0.9155051953122145
sdxl-turbo,0.8802950849494638
lcm-sdxl,0.8301888359788052
sd-3,0.8128774817511486
flux-schnell,0.8665887591357522
flux-dev,0.8744567504614317
deepfloyd-m,0.8512522736333197
deepfloyd-l,0.8222183664360452
deepfloyd-xl,0.8248163273728345
