model_name,concept_entropy
sd-1.1,0.9785750090321803
sd-1.4,0.8875124091463353
sd-2.1,0.8173174158670673
sdxl,0.2893601419593896
sdxl-turbo,0.13393911705558353
lcm-sdxl,0.23457069714333612
sd-3,0.2032047925071416
flux-schnell,0.5021215686529324
flux-dev,0.7584538737870379
deepfloyd-m,0.4173535382965321
deepfloyd-l,0.35971816169384707
deepfloyd-xl,0.23001399691659946
