model_name,concept_entropy
sd-1.1,0.9998165870534967
sd-1.4,0.9323735856547677
sd-2.1,0.9030294199366491
sdxl,0.3243944545328999
sdxl-turbo,0.10299333512494557
lcm-sdxl,0.3356037698561278
sd-3,0.2573720095233589
flux-schnell,0.6146239905544923
flux-dev,0.7978009196353439
deepfloyd-m,0.5320969157961994
deepfloyd-l,0.44993273174254556
deepfloyd-xl,0.23669732127617127
