model_name,concept_entropy
sd-1.1,0.7354735510443313
sd-1.4,0.7046378319492541
sd-2.1,0.750589753747173
sdxl,0.6202982115456638
sdxl-turbo,0.5176099641198046
lcm-sdxl,0.45414160314244834
sd-3,0.5192038482230298
flux-schnell,0.6790476646202843
flux-dev,0.3453433479787977
deepfloyd-m,0.7159434803302556
deepfloyd-l,0.777481294472388
deepfloyd-xl,0.7226646928255082
