model_name,concept_entropy
sd-1.1,0.3168221437910938
sd-1.4,0.21527823489640585
sd-2.1,0.31579192619351726
sdxl,0.16360646861233885
sdxl-turbo,0.21325932376565973
lcm-sdxl,0.22360179192217813
sd-3,0.07641589067488964
flux-schnell,0.21675852920830002
flux-dev,0.175176452475095
deepfloyd-m,0.21444866328855797
deepfloyd-l,0.1510564513559984
deepfloyd-xl,0.19290894481186205
