model_name,concept_entropy
sd-1.1,0.9499542081196555
sd-1.4,0.9888149216552892
sd-2.1,0.9884526431151208
sdxl,0.9673262119175803
sdxl-turbo,0.6500224216483541
lcm-sdxl,0.9987261494308297
sd-3,0.2425982798162366
flux-schnell,0.9199534913630798
flux-dev,0.3340257394468136
deepfloyd-m,0.6979718733508528
deepfloyd-l,0.9909562260474722
deepfloyd-xl,0.9986359641585718
