model_name,concept_entropy
sd-1.1,0.9348490242345944
sd-1.4,0.8440283903572292
sd-2.1,0.9865935779773282
sdxl,0.9914891460980413
sdxl-turbo,0.9728671043607882
lcm-sdxl,0.9691595422571496
sd-3,0.9000380543804496
flux-schnell,0.9941491714808931
flux-dev,0.9592106368283506
deepfloyd-m,0.9806695605145268
deepfloyd-l,0.8736086456270109
deepfloyd-xl,0.98796661432061
