model_name,concept_entropy
sd-1.1,0.689408129991778
sd-1.4,0.5471961331823127
sd-2.1,0.7867409240256528
sdxl,0.7009347612354906
sdxl-turbo,0.22708303068784413
lcm-sdxl,0.7081222468649586
sd-3,0.5165146211995503
flux-schnell,-0.0
flux-dev,0.35335933502142136
deepfloyd-m,0.9953784388202257
deepfloyd-l,0.9821021633548179
deepfloyd-xl,0.992455790273888
