model_name,concept_entropy
sd-1.1,0.6607962124089144
sd-1.4,0.9618389276392807
sd-2.1,0.8911840475785872
sdxl,0.9704671073562586
sdxl-turbo,0.9830798227820489
lcm-sdxl,0.9727527382819093
sd-3,0.6392362817216458
flux-schnell,0.991842892996037
flux-dev,0.8435427224658179
deepfloyd-m,0.9071068348940279
deepfloyd-l,0.9959182049897752
deepfloyd-xl,0.9999661590748423
