model_name,concept_entropy
sd-1.1,0.5463774150653157
sd-1.4,0.4621573378671056
sd-2.1,0.4496243102224365
sdxl,0.4447282422249183
sdxl-turbo,0.5888606060944716
lcm-sdxl,0.5730767301412178
sd-3,0.46562979438929325
flux-schnell,0.6196630867221117
flux-dev,0.6140825735645093
deepfloyd-m,0.28075166300451854
deepfloyd-l,0.33808616303594835
deepfloyd-xl,0.2956791358650157
