model_name,concept_entropy
sd-1.1,0.8391991894980517
sd-1.4,0.7977381925977376
sd-2.1,0.9133704413535986
sdxl,0.6893803188072207
sdxl-turbo,0.7086689558906356
lcm-sdxl,0.6892742505808386
sd-3,0.6489571051660254
flux-schnell,0.6652327360175242
flux-dev,0.7463994238030018
deepfloyd-m,0.7236842567128099
deepfloyd-l,0.7352957666216173
deepfloyd-xl,0.7475359206471867
