model_name,concept_entropy
sd-1.1,0.9668840548982011
sd-1.4,0.7833208310614694
sd-2.1,0.8364618346237191
sdxl,0.5671419559163836
sdxl-turbo,0.6281836192047079
lcm-sdxl,0.35851808419374
sd-3,0.39170531523242574
flux-schnell,0.6039305954280301
flux-dev,0.9627928676985256
deepfloyd-m,0.9332078961039404
deepfloyd-l,0.8883152230736724
deepfloyd-xl,0.7575820152803627
