model_name,concept_entropy
sd-1.1,0.87043637178326
sd-1.4,0.9068735552264855
sd-2.1,0.9608208327131941
sdxl,0.8232911078962586
sdxl-turbo,0.8411838604187337
lcm-sdxl,0.8897233725402841
sd-3,0.6714600210678424
flux-schnell,0.6410856883858485
flux-dev,0.6561931317776248
deepfloyd-m,0.7419367533452911
deepfloyd-l,0.870238627124033
deepfloyd-xl,0.908284709646061
