model_name,concept_entropy
sd-1.1,0.7353701823799237
sd-1.4,0.7927608817314208
sd-2.1,0.8124339423066604
sdxl,0.78637738672489
sdxl-turbo,0.7525394221165248
lcm-sdxl,0.8337076842044627
sd-3,0.7639170227941936
flux-schnell,0.6665693053237536
flux-dev,0.766602336017379
deepfloyd-m,0.696047069581718
deepfloyd-l,0.698111684828009
deepfloyd-xl,0.677364093879427
