model_name,concept_entropy
sd-1.1,0.5423817271453135
sd-1.4,0.8663386076532222
sd-2.1,0.8997437586982626
sdxl,0.7906010240766121
sdxl-turbo,0.9574712286888931
lcm-sdxl,0.9981341775041117
sd-3,0.7601675029619657
flux-schnell,0.9658666887161
flux-dev,0.9789533063851841
deepfloyd-m,0.800466453112594
deepfloyd-l,0.9423415336953223
deepfloyd-xl,0.9454010919510265
