model_name,concept_entropy
sd-1.1,0.9999679398727176
sd-1.4,0.9929431798201429
sd-2.1,0.9355477288011397
sdxl,0.8577118334973968
sdxl-turbo,0.9679505356936393
lcm-sdxl,0.9723013776101135
sd-3,0.9709505944546686
flux-schnell,0.9295231861792264
flux-dev,0.9355477288011397
deepfloyd-m,0.9984284947115638
deepfloyd-l,0.9454153653108376
deepfloyd-xl,0.9114494478391711
