model_name,concept_entropy
sd-1.1,0.9983760736250356
sd-1.4,0.9410105056689646
sd-2.1,0.9947075677870332
sdxl,0.7522121733341474
sdxl-turbo,0.7282431015831545
lcm-sdxl,0.8366407419411672
sd-3,0.9870911586520488
flux-schnell,0.9998708973656315
flux-dev,0.9370974308080293
deepfloyd-m,0.9999569860503252
deepfloyd-l,0.9967916319816366
deepfloyd-xl,0.9999569860503252
