model_name,concept_entropy
sd-1.1,0.979622834477196
sd-1.4,0.9999709819861912
sd-2.1,0.9989539422974572
sdxl,0.7520136491507828
sdxl-turbo,0.9037255960188567
lcm-sdxl,0.8903334162319425
sd-3,0.9998860690639712
flux-schnell,0.9684610087601622
flux-dev,0.9889813776596469
deepfloyd-m,0.8819459347859334
deepfloyd-l,0.8153938006487356
deepfloyd-xl,0.8991258266298897
