model_name,concept_entropy
sd-1.1,0.8126095441108916
sd-1.4,0.914821008714452
sd-2.1,0.9758972454257235
sdxl,0.9930261647841456
sdxl-turbo,0.9114494478391711
lcm-sdxl,0.7645505899498024
sd-3,0.9345888089665579
flux-schnell,0.5935192513684198
flux-dev,0.9452806370392077
deepfloyd-m,0.9983857186501095
deepfloyd-l,0.989082774726478
deepfloyd-xl,0.9967460894983036
