model_name,concept_entropy
sd-1.1,0.8741287066598802
sd-1.4,0.9987079219477157
sd-2.1,0.9933988938033226
sdxl,0.9229434570321005
sdxl-turbo,0.9372344385127174
lcm-sdxl,0.9962201391751067
sd-3,0.9787965417915546
flux-schnell,0.9998404943865153
flux-dev,0.8427184970392103
deepfloyd-m,0.9814538950336537
deepfloyd-l,0.9372042549386128
deepfloyd-xl,0.9930668346082068
