model_name,concept_entropy
sd-1.1,0.34816993590794826
sd-1.4,0.43163609942387904
sd-2.1,0.47502464611732675
sdxl,0.4574087829138163
sdxl-turbo,0.42173348962849644
lcm-sdxl,0.6941095858403667
sd-3,0.361264687525002
flux-schnell,0.5305665460816803
flux-dev,0.41466469084925717
deepfloyd-m,0.5889556965351614
deepfloyd-l,0.562399005796473
deepfloyd-xl,0.5718117110318778
