model_name,concept_entropy
sd-1.1,0.3387741756148047
sd-1.4,0.5665095065529053
sd-2.1,0.5593358712160281
sdxl,0.8229790738920619
sdxl-turbo,0.775612326133144
lcm-sdxl,0.6438678184264575
sd-3,0.3959623676309238
flux-schnell,0.99998624454505
flux-dev,0.865540130215395
deepfloyd-m,0.8399386130040141
deepfloyd-l,0.8089435601998738
deepfloyd-xl,0.8016291015856118
