model_name,concept_entropy
sd-1.1,0.8074537612046402
sd-1.4,0.7509701789747832
sd-2.1,0.6582397329394135
sdxl,0.34309756965472044
sdxl-turbo,0.42978345182303546
lcm-sdxl,0.5156741117622966
sd-3,0.09420706332822926
flux-schnell,0.24035565220965888
flux-dev,0.3528965194786169
deepfloyd-m,0.8012465269074064
deepfloyd-l,0.650739758654429
deepfloyd-xl,0.7554219475786785
