model_name,concept_entropy
sd-1.1,0.920781735405954
sd-1.4,0.9945562501905575
sd-2.1,0.890825294739902
sdxl,0.7578784625383954
sdxl-turbo,0.9670375960212159
lcm-sdxl,0.9189130221554427
sd-3,0.49486822993554413
flux-schnell,0.34053729470418637
flux-dev,0.5088539536886314
deepfloyd-m,0.9987427454739632
deepfloyd-l,0.9486131982385806
deepfloyd-xl,0.9159918149584936
