model_name,concept_entropy
sd-1.1,0.5003376744828935
sd-1.4,0.7465867291719279
sd-2.1,0.8785854060195063
sdxl,0.9866799388486909
sdxl-turbo,0.9422938388486191
lcm-sdxl,0.9285575873316394
sd-3,0.11236071009937675
flux-schnell,0.21084230031853213
flux-dev,0.08079313589591118
deepfloyd-m,0.9216767611348495
deepfloyd-l,0.8126006563783914
deepfloyd-xl,0.9253955446631295
