model_name,concept_entropy
sd-1.1,0.30826872392397264
sd-1.4,0.41692377622565036
sd-2.1,0.4419936433891651
sdxl,0.3569864034330278
sdxl-turbo,0.3417164140863482
lcm-sdxl,0.34063447212556525
sd-3,0.10867334910325292
flux-schnell,0.26475343792547124
flux-dev,0.13958408115151075
deepfloyd-m,0.4001200675623721
deepfloyd-l,0.45913898958916877
deepfloyd-xl,0.4269565065927764
