model_name,concept_entropy
sd-1.1,0.5252763197689352
sd-1.4,0.567876707752458
sd-2.1,0.6662307465170518
sdxl,0.663135812180927
sdxl-turbo,0.5144854328720799
lcm-sdxl,0.7175369521645654
sd-3,0.3890347057233373
flux-schnell,0.4151148766197197
flux-dev,0.35657761254881465
deepfloyd-m,0.5130379737526409
deepfloyd-l,0.46284663842204254
deepfloyd-xl,0.5125404225143646
