model_name,concept_entropy
sd-1.1,0.9450087651303388
sd-1.4,0.9364801851241304
sd-2.1,0.9975536291955005
sdxl,0.9917315106501435
sdxl-turbo,0.8992480814327328
lcm-sdxl,0.9212329267458612
sd-3,0.7879619535463195
flux-schnell,0.7540340561971326
flux-dev,0.9666564456705733
deepfloyd-m,0.999893090656711
deepfloyd-l,0.9977644624643286
deepfloyd-xl,0.9984939191641458
