model_name,concept_entropy
sd-1.1,0.8018725013782483
sd-1.4,0.8119757841953074
sd-2.1,0.861721086580859
sdxl,0.8264302868512141
sdxl-turbo,0.811476453746228
lcm-sdxl,0.7593477085520487
sd-3,0.6883575140744166
flux-schnell,0.6931561270095604
flux-dev,0.7490417719257761
deepfloyd-m,0.6884205918158509
deepfloyd-l,0.7470990668699332
deepfloyd-xl,0.7589656828776993
