model_name,concept_entropy
sd-1.1,0.8189643628435422
sd-1.4,0.7827704718843225
sd-2.1,0.9115430776918553
sdxl,0.7068918907492852
sdxl-turbo,0.7121189561243809
lcm-sdxl,0.9043495416791035
sd-3,0.3916085276255925
flux-schnell,0.5361940935513644
flux-dev,0.6165606996737157
deepfloyd-m,0.8662526230572382
deepfloyd-l,0.6371613437890129
deepfloyd-xl,0.7938678709203971
