model_name,concept_entropy
sd-1.1,0.6012293787984342
sd-1.4,0.6967524915239325
sd-2.1,0.7129093897943705
sdxl,0.5428206957952553
sdxl-turbo,0.5323649393336713
lcm-sdxl,0.7188430659203404
sd-3,0.3806631604817522
flux-schnell,0.4769322366652108
flux-dev,0.5260945078679481
deepfloyd-m,0.6516826994733952
deepfloyd-l,0.6133045207691534
deepfloyd-xl,0.683148103041524
