model_name,concept_entropy
sd-1.1,0.8562179130826657
sd-1.4,0.8432781201197292
sd-2.1,0.765077199185858
sdxl,0.6092683793720098
sdxl-turbo,0.6461085039330271
lcm-sdxl,0.7153767116496262
sd-3,0.4604036883695553
flux-schnell,0.5047709206179982
flux-dev,0.659727499925591
deepfloyd-m,0.8632703727037446
deepfloyd-l,0.7887880710699373
deepfloyd-xl,0.8356851431535368
