model_name,concept_entropy
sd-1.1,0.9998393017810485
sd-1.4,0.9474351361840307
sd-2.1,0.9138472873262908
sdxl,0.944387195013346
sdxl-turbo,-0.0
lcm-sdxl,0.8037159237834125
sd-3,0.21357981533827733
flux-schnell,0.4844568772462218
flux-dev,0.9953784388202257
deepfloyd-m,0.6690158350565576
deepfloyd-l,0.40790598013897633
deepfloyd-xl,0.6460174789535751
