model_name,concept_entropy
sd-1.1,0.9945676777842409
sd-1.4,0.8870947459780679
sd-2.1,0.8589810370425963
sdxl,0.7955988125298025
sdxl-turbo,0.8698087534661125
lcm-sdxl,0.896402472146136
sd-3,0.8092875757662001
flux-schnell,0.999799616411146
flux-dev,0.9917770334127776
deepfloyd-m,0.9404939178716458
deepfloyd-l,0.8462231658404026
deepfloyd-xl,0.7741664814859592
