model_name,concept_entropy
sd-1.1,0.9283360012139671
sd-1.4,0.824963768440267
sd-2.1,0.7528535872202978
sdxl,0.7166404613322098
sdxl-turbo,0.35551065715843166
lcm-sdxl,0.6148095593719796
sd-3,0.40294362332392764
flux-schnell,0.8120665688374639
flux-dev,0.8890775059870943
deepfloyd-m,0.6695904000638797
deepfloyd-l,0.5495435249876337
deepfloyd-xl,0.6759046563602574
