model_name,concept_entropy
sd-1.1,0.0538159899489703
sd-1.4,0.23628360931628728
sd-2.1,0.15039274985778842
sdxl,0.3717299023198473
sdxl-turbo,0.4345176869296175
lcm-sdxl,0.27348118210821626
sd-3,0.032230355211769486
flux-schnell,0.0454146923337941
flux-dev,0.032230355211769486
deepfloyd-m,0.2990212747159432
deepfloyd-l,0.1222915970693747
deepfloyd-xl,0.19117694685725697
