model_name,concept_entropy
sd-1.1,0.6286859963476876
sd-1.4,0.515137244095395
sd-2.1,0.6395184221671191
sdxl,0.5863447840153526
sdxl-turbo,0.5500325235961201
lcm-sdxl,0.635004730695744
sd-3,0.5045376342572395
flux-schnell,0.41953144754587746
flux-dev,0.4861499165304103
deepfloyd-m,0.719102753265271
deepfloyd-l,0.666925616578079
deepfloyd-xl,0.5656434409260014
