model_name,concept_entropy
sd-1.1,0.6448018646010967
sd-1.4,0.3852200438057498
sd-2.1,0.3278424162393825
sdxl,0.032230355211769486
sdxl-turbo,-0.0
lcm-sdxl,0.017783851361743246
sd-3,0.28639695711595625
flux-schnell,0.1943918578315762
flux-dev,-0.0
deepfloyd-m,0.2573720095233589
deepfloyd-l,0.4262286569981449
deepfloyd-xl,0.21084230031853213
