model_name,concept_entropy
sd-1.1,0.8348757698342288
sd-1.4,0.7893632002837734
sd-2.1,0.8339440624675397
sdxl,0.4951262165969665
sdxl-turbo,0.3150517798042548
lcm-sdxl,0.3531086442215575
sd-3,0.5013949393243844
flux-schnell,0.6630342148322131
flux-dev,0.4410178819349712
deepfloyd-m,0.5310164457364205
deepfloyd-l,0.5695073739506945
deepfloyd-xl,0.6341329378138401
