model_name,concept_entropy
sd-1.1,0.9908592701782586
sd-1.4,0.9984545941250919
sd-2.1,0.9709505944546686
sdxl,0.7331054069757733
sdxl-turbo,0.9840227267111997
lcm-sdxl,0.36925671344142813
sd-3,0.7252489307994537
flux-schnell,0.7894529806324388
flux-dev,0.6422246424849176
deepfloyd-m,0.8050822479576725
deepfloyd-l,0.8908174432762392
deepfloyd-xl,0.6943975889666913
