model_name,concept_entropy
sd-1.1,0.6270592565772863
sd-1.4,0.6348096619551369
sd-2.1,0.648701457236779
sdxl,0.546576577476985
sdxl-turbo,0.5709061792602981
lcm-sdxl,0.4077128176167365
sd-3,0.4408529648982118
flux-schnell,0.4793583338360809
flux-dev,0.40040569904051715
deepfloyd-m,0.5885556804188268
deepfloyd-l,0.5623855077185969
deepfloyd-xl,0.5213377286409474
