model_name,concept_entropy
sd-1.1,0.9935105532860383
sd-1.4,0.9918447935910647
sd-2.1,0.9963906193677698
sdxl,0.9976554976868683
sdxl-turbo,0.8206081015602649
lcm-sdxl,0.9744894033980523
sd-3,0.9061415803681503
flux-schnell,0.6873150928309273
flux-dev,0.8784102559175193
deepfloyd-m,0.8433055277489138
deepfloyd-l,0.9588546006203365
deepfloyd-xl,0.865693994199322
