model_name,concept_entropy
sd-1.1,0.9659083578142172
sd-1.4,0.9509560484549725
sd-2.1,0.8999977383414968
sdxl,0.9024914466415779
sdxl-turbo,0.8305674407373219
lcm-sdxl,0.9011173548818917
sd-3,0.88770646552993
flux-schnell,0.851368232289327
flux-dev,0.8769484281585034
deepfloyd-m,0.5419744601340943
deepfloyd-l,0.6588630671559421
deepfloyd-xl,0.5369064378756414
