model_name,concept_entropy
sd-1.1,0.5543824233823966
sd-1.4,0.47986481955381666
sd-2.1,0.5200126492093179
sdxl,0.5426751298385996
sdxl-turbo,0.7248740577216135
lcm-sdxl,0.6554562019375172
sd-3,0.44003364661804106
flux-schnell,0.6386806341812359
flux-dev,0.4997273544077954
deepfloyd-m,0.6573126433710602
deepfloyd-l,0.6112512254036442
deepfloyd-xl,0.6074758690594674
