model_name,concept_entropy
sd-1.1,0.7936838313518365
sd-1.4,0.7266340774876726
sd-2.1,0.7126385540912853
sdxl,0.706628505115106
sdxl-turbo,0.5541885558737607
lcm-sdxl,0.6774611590306395
sd-3,0.4643125455255992
flux-schnell,0.5852208883299287
flux-dev,0.6258631219642545
deepfloyd-m,0.7163726497820455
deepfloyd-l,0.7329838276988645
deepfloyd-xl,0.6920829667160436
