model_name,concept_entropy
sd-1.1,0.6768352861599506
sd-1.4,0.6972732307887737
sd-2.1,0.7349216829129508
sdxl,0.5582526381791321
sdxl-turbo,0.7384230291219054
lcm-sdxl,0.583305544136897
sd-3,0.6898097888219108
flux-schnell,0.49997887622932374
flux-dev,0.6358509484355342
deepfloyd-m,0.8049195970819902
deepfloyd-l,0.8256900990274387
deepfloyd-xl,0.788865211266032
