model_name,concept_entropy
sd-1.1,0.7006774415612331
sd-1.4,0.6012312875221101
sd-2.1,0.5679683663259697
sdxl,0.6292492238560345
sdxl-turbo,0.7266645172796349
lcm-sdxl,0.7885131605379785
sd-3,0.226794457003526
flux-schnell,0.6222126380063133
flux-dev,0.226794457003526
deepfloyd-m,0.650702095787751
deepfloyd-l,0.660517322889647
deepfloyd-xl,0.6402569436810504
