model_name,concept_entropy
sd-1.1,0.7324847478951169
sd-1.4,0.8869769191874811
sd-2.1,0.9165029795307
sdxl,0.920621322956154
sdxl-turbo,0.9397448346529752
lcm-sdxl,0.9010756079996058
sd-3,0.7465988139982489
flux-schnell,0.9486446383116585
flux-dev,0.700288733009576
deepfloyd-m,0.9136375056985457
deepfloyd-l,0.9255017466316335
deepfloyd-xl,0.9396554639333248
