model_name,concept_entropy
sd-1.1,0.9495628648287064
sd-1.4,0.9954729217207245
sd-2.1,0.7120640548905479
sdxl,0.5995422129345478
sdxl-turbo,0.16588067085270214
lcm-sdxl,0.5150492626232199
sd-3,0.10271325407997653
flux-schnell,0.339151245492902
flux-dev,0.2314809007912124
deepfloyd-m,0.43641314441243756
deepfloyd-l,0.5387379148665815
deepfloyd-xl,0.550171614820646
