model_name,concept_entropy
sd-1.1,0.7230327100473443
sd-1.4,0.5554066831544826
sd-2.1,0.26078535611346276
sdxl,0.18296082519382367
sdxl-turbo,0.10120058694625919
lcm-sdxl,0.2901667762977535
sd-3,0.5947668722929234
flux-schnell,0.4815250399963252
flux-dev,0.47961229531682315
deepfloyd-m,0.6619955354907199
deepfloyd-l,0.5552813764639436
deepfloyd-xl,0.526548122038813
