model_name,concept_entropy
sd-1.1,0.9989725613141185
sd-1.4,0.6808755270704279
sd-2.1,0.6134815645487515
sdxl,0.3644647174608341
sdxl-turbo,0.6019089517362489
lcm-sdxl,0.977521180882831
sd-3,0.21084230031853213
flux-schnell,0.42524461248637185
flux-dev,0.0454146923337941
deepfloyd-m,0.9957274520849255
deepfloyd-l,0.9976716197387295
deepfloyd-xl,0.8694184750402127
