model_name,concept_entropy
sd-1.1,0.7605376450781782
sd-1.4,0.681979773070662
sd-2.1,0.6813976446154663
sdxl,0.672135762989454
sdxl-turbo,0.45554487289628887
lcm-sdxl,0.4745757544054894
sd-3,0.6195988360179936
flux-schnell,0.5223024119388606
flux-dev,0.5588570540365774
deepfloyd-m,0.7202567274978693
deepfloyd-l,0.6478560947469817
deepfloyd-xl,0.6708635938442525
