model_name,concept_entropy
sd-1.1,0.8097794499568103
sd-1.4,0.8572917911332951
sd-2.1,0.9054782237119164
sdxl,0.9888580513183065
sdxl-turbo,0.9888595460945249
lcm-sdxl,0.864302960359755
sd-3,0.9916097484719893
flux-schnell,0.7633939215296341
flux-dev,0.9957274520849255
deepfloyd-m,0.9947915526653417
deepfloyd-l,0.9566522721480909
deepfloyd-xl,0.9688610544497284
