model_name,concept_entropy
sd-1.1,0.9844268978000114
sd-1.4,0.9996072307052746
sd-2.1,0.985129150595712
sdxl,0.9949848281859701
sdxl-turbo,0.9988455359952018
lcm-sdxl,0.9822217784253526
sd-3,0.999799616411146
flux-schnell,1.0
flux-dev,0.99819587904281
deepfloyd-m,0.9813290907761982
deepfloyd-l,0.9816561349935312
deepfloyd-xl,0.9983085596805711
