model_name,concept_entropy
sd-1.1,0.9500853032406632
sd-1.4,0.9400308791913259
sd-2.1,0.8327572345338735
sdxl,0.740783032299407
sdxl-turbo,0.6218809513483711
lcm-sdxl,0.4246798582306264
sd-3,0.48513990849228766
flux-schnell,0.7019081972196354
flux-dev,0.5608008467437204
deepfloyd-m,0.8287185968921309
deepfloyd-l,0.7783627595647399
deepfloyd-xl,0.7337704564605018
