model_name,concept_entropy
sd-1.1,0.5537378648339527
sd-1.4,0.7992604294611313
sd-2.1,1.0
sdxl,0.9940302114769565
sdxl-turbo,0.7156462496081901
lcm-sdxl,0.8929366662042642
sd-3,0.5043834327819752
flux-schnell,0.6572729784684465
flux-dev,0.6717393948985575
deepfloyd-m,0.9999431050825865
deepfloyd-l,0.9999183611218556
deepfloyd-xl,0.9937264528775992
