model_name,concept_entropy
sd-1.1,0.5587109661872244
sd-1.4,0.4070058912619103
sd-2.1,0.317420996535161
sdxl,0.2763113633370393
sdxl-turbo,0.3158600096306159
lcm-sdxl,0.4605410551761297
sd-3,0.20584825599329967
flux-schnell,0.25230475018237536
flux-dev,0.1413558888996432
deepfloyd-m,0.6199395404878182
deepfloyd-l,0.4915191821493071
deepfloyd-xl,0.4158819253142327
