model_name,concept_entropy
sd-1.1,0.2777044330187736
sd-1.4,0.28004157343387337
sd-2.1,0.3576566173761819
sdxl,0.5810293296415072
sdxl-turbo,0.4472049101492215
lcm-sdxl,0.4771917993199934
sd-3,0.4064043526904256
flux-schnell,0.5840273157631779
flux-dev,0.7150835677858706
deepfloyd-m,0.53642735740961
deepfloyd-l,0.6635049981803184
deepfloyd-xl,0.5837754513617125
