model_name,concept_entropy
sd-1.1,0.18553109650560948
sd-1.4,0.6086122281577883
sd-2.1,0.545843727383416
sdxl,0.9350985694051714
sdxl-turbo,0.6840384356390417
lcm-sdxl,0.8259813533631805
sd-3,0.5649141512875931
flux-schnell,0.8152828790971212
flux-dev,0.9382161217276762
deepfloyd-m,0.9088401601182627
deepfloyd-l,0.9219232391925756
deepfloyd-xl,0.9795657263306503
