model_name,concept_entropy
sd-1.1,0.9878178117364383
sd-1.4,0.9997762256948778
sd-2.1,0.9999233329473267
sdxl,0.9874410349981275
sdxl-turbo,0.9795963366848084
lcm-sdxl,0.9876318184157067
sd-3,0.8037159237834125
flux-schnell,0.2727437143698237
flux-dev,0.8686315234625519
deepfloyd-m,0.979711042893081
deepfloyd-l,0.9022938940217247
deepfloyd-xl,0.9395683137408014
