model_name,concept_entropy
sd-1.1,0.6533436912885957
sd-1.4,0.5112556907442066
sd-2.1,0.5833140479085105
sdxl,0.3254102332111551
sdxl-turbo,0.40875353379280926
lcm-sdxl,0.4374492063955035
sd-3,0.4224781863347975
flux-schnell,0.3243148304717782
flux-dev,0.44942012013110105
deepfloyd-m,0.6209251275089984
deepfloyd-l,0.655471472827172
deepfloyd-xl,0.649522710099712
