model_name,concept_entropy
sd-1.1,0.7802194675153895
sd-1.4,0.8532472511156721
sd-2.1,0.7730497354473778
sdxl,0.5802880026436957
sdxl-turbo,0.5303705097937124
lcm-sdxl,0.6224871752008112
sd-3,0.8050721880509015
flux-schnell,0.6814213607821522
flux-dev,0.6925192064747605
deepfloyd-m,0.9119092528638177
deepfloyd-l,0.8865880309246117
deepfloyd-xl,0.8824924798031508
