model_name,concept_entropy
sd-1.1,0.74952705361891
sd-1.4,0.8307175002602755
sd-2.1,0.8236405844369388
sdxl,0.4607685793503857
sdxl-turbo,0.34961700058057
lcm-sdxl,0.586303547142191
sd-3,0.6445406310541918
flux-schnell,0.5264815955566554
flux-dev,0.468498983722448
deepfloyd-m,0.8761650051883533
deepfloyd-l,0.8847760258264008
deepfloyd-xl,0.8682376785598959
