model_name,concept_entropy
sd-1.1,0.8109118814118689
sd-1.4,0.8757770019710688
sd-2.1,0.7224588864578166
sdxl,0.6998074259370057
sdxl-turbo,0.7111240190068548
lcm-sdxl,0.6586708032594315
sd-3,0.9656037450476114
flux-schnell,0.8363611260076489
flux-dev,0.9165394292270729
deepfloyd-m,0.9476535005392823
deepfloyd-l,0.8884000360228226
deepfloyd-xl,0.8967472810464058
