model_name,concept_entropy
sd-1.1,0.24267897206369196
sd-1.4,0.4169091419582674
sd-2.1,0.1074037700685274
sdxl,0.18525998796933066
sdxl-turbo,0.11930922499909188
lcm-sdxl,0.256118373537107
sd-3,0.8283899740320642
flux-schnell,0.017783851361743246
flux-dev,0.14144054254182067
deepfloyd-m,0.20731018585948174
deepfloyd-l,0.3122732117806055
deepfloyd-xl,0.27737703220048915
