model_name,concept_entropy
sd-1.1,0.5065559597469586
sd-1.4,0.7025623228249829
sd-2.1,0.46992734393916474
sdxl,0.4160356812138761
sdxl-turbo,0.26433991056083195
lcm-sdxl,0.4632211227857998
sd-3,0.6155155271552006
flux-schnell,0.506388160347127
flux-dev,0.2838980077662849
deepfloyd-m,0.31818347764757227
deepfloyd-l,0.44326130497093763
deepfloyd-xl,0.3075870969669621
