model_name,concept_entropy
sd-1.1,0.6827527886777994
sd-1.4,0.6552981891521044
sd-2.1,0.7189222716654274
sdxl,0.4793192262974777
sdxl-turbo,0.7167823929275355
lcm-sdxl,0.6540269962235005
sd-3,0.1781258780879379
flux-schnell,0.588768212633226
flux-dev,0.48141429536297037
deepfloyd-m,0.8578947056692432
deepfloyd-l,0.8592981060119492
deepfloyd-xl,0.770528968451672
