model_name,concept_entropy
sd-1.1,0.9177047333774487
sd-1.4,0.28639695711595625
sd-2.1,0.24229218908241482
sdxl,0.08079313589591118
sdxl-turbo,0.0454146923337941
lcm-sdxl,0.14144054254182067
sd-3,0.032230355211769486
flux-schnell,0.6873150928309273
flux-dev,0.09164995196224196
deepfloyd-m,0.14144054254182067
deepfloyd-l,0.1691026480943973
deepfloyd-xl,0.2211361933814208
