model_name,concept_entropy
sd-1.1,0.23727440464022434
sd-1.4,0.2308391298828892
sd-2.1,0.18747341990621366
sdxl,0.07211996544418625
sdxl-turbo,0.06952964699480783
lcm-sdxl,-0.0
sd-3,-0.0
flux-schnell,-0.0
flux-dev,-0.0
deepfloyd-m,0.26164056436524613
deepfloyd-l,0.2927760563433674
deepfloyd-xl,0.1629798760075367
