model_name,concept_entropy
sd-1.1,0.7813315576975628
sd-1.4,0.4193342183746669
sd-2.1,0.45926071123463413
sdxl,0.2385050749675896
sdxl-turbo,0.2847917674922885
lcm-sdxl,0.31873396932277376
sd-3,0.19178251535109186
flux-schnell,0.3289224789385991
flux-dev,0.09441610194280291
deepfloyd-m,0.4184335237120754
deepfloyd-l,0.32544257603874205
deepfloyd-xl,0.3253567331308559
