model_name,concept_entropy
sd-1.1,0.9976161146077624
sd-1.4,0.756761318720168
sd-2.1,0.9324304450225978
sdxl,0.46176225582837593
sdxl-turbo,0.7631991315524302
lcm-sdxl,0.6241150092430214
sd-3,0.39674411904855483
flux-schnell,0.970361638888816
flux-dev,0.7014714598838974
deepfloyd-m,0.9991709442878893
deepfloyd-l,0.996263283160695
deepfloyd-xl,0.995580741501175
