model_name,concept_entropy
sd-1.1,0.050637253519971004
sd-1.4,0.03908175497953278
sd-2.1,0.052738784696874624
sdxl,-0.0
sdxl-turbo,-0.0
lcm-sdxl,0.04560647594182623
sd-3,-0.0
flux-schnell,0.0454146923337941
flux-dev,-0.0
deepfloyd-m,0.228538143953528
deepfloyd-l,0.3313056130577884
deepfloyd-xl,0.24383123616254787
