model_name,concept_entropy
sd-1.1,0.2505985005965259
sd-1.4,0.2722495774072725
sd-2.1,0.32133215654995645
sdxl,0.1833697974502711
sdxl-turbo,-0.0
lcm-sdxl,0.10271325407997653
sd-3,0.10215803640865039
flux-schnell,-0.0
flux-dev,-0.0
deepfloyd-m,0.35077711767807895
deepfloyd-l,0.4169091419582674
deepfloyd-xl,0.30565589880577976
