model_name,concept_entropy
sd-1.1,0.9994509857491001
sd-1.4,0.997931200116162
sd-2.1,0.9819407868640977
sdxl,0.9998974171608896
sdxl-turbo,0.7786800549368456
lcm-sdxl,0.994427274485992
sd-3,0.46421459292268
flux-schnell,0.9614969508235551
flux-dev,0.9980541265020016
deepfloyd-m,0.8733569119359699
deepfloyd-l,0.7363230272021652
deepfloyd-xl,0.8607486974831171
