model_name,concept_entropy
sd-1.1,0.9442662986732172
sd-1.4,0.9130820409218877
sd-2.1,0.918856922225217
sdxl,0.9993506898146103
sdxl-turbo,0.9949848281859701
lcm-sdxl,0.8833186883590667
sd-3,0.5148156530047155
flux-schnell,0.41381685030363374
flux-dev,0.16866093149667025
deepfloyd-m,0.999799616411146
deepfloyd-l,0.9900098719421664
deepfloyd-xl,0.98623253507245
