model_name,concept_entropy
sd-1.1,0.9876642158351655
sd-1.4,0.9954890573504593
sd-2.1,0.9999979347635152
sdxl,0.8736086456270109
sdxl-turbo,0.9945750754783548
lcm-sdxl,0.954434002924965
sd-3,0.5625892514185228
flux-schnell,0.8784102559175193
flux-dev,0.8508690563550583
deepfloyd-m,0.9981837860855622
deepfloyd-l,0.9721541616884547
deepfloyd-xl,0.9697013350032568
