model_name,concept_entropy
sd-1.1,0.6125951011020176
sd-1.4,0.9688035512085578
sd-2.1,0.9367542415036744
sdxl,0.9973665721927737
sdxl-turbo,0.9647995485050872
lcm-sdxl,0.9758574322475866
sd-3,0.9955543720259938
flux-schnell,0.6764173923638257
flux-dev,0.9979471932237238
deepfloyd-m,0.999806132804711
deepfloyd-l,0.9948687363614139
deepfloyd-xl,0.9933112226765504
