model_name,concept_entropy
sd-1.1,0.9985040646026033
sd-1.4,0.9504783262723793
sd-2.1,0.8577118334973968
sdxl,0.8462071998957049
sdxl-turbo,0.5619913720740577
lcm-sdxl,0.7894529806324388
sd-3,0.8577118334973968
flux-schnell,0.24229218908241482
flux-dev,0.6800770457282799
deepfloyd-m,0.9556537346562
deepfloyd-l,0.9895875212220556
deepfloyd-xl,0.9999919850127079
