model_name,concept_entropy
sd-1.1,0.9840633974846043
sd-1.4,0.9016621992458281
sd-2.1,0.989686512563541
sdxl,0.9818169921079499
sdxl-turbo,0.8032566997760641
lcm-sdxl,0.999981905973436
sd-3,0.7152111240166495
flux-schnell,0.968967292510196
flux-dev,0.8267463724926178
deepfloyd-m,0.9995321103634043
deepfloyd-l,0.9122170334214166
deepfloyd-xl,0.9844869822736356
