model_name,concept_entropy
sd-1.1,0.8074825483550794
sd-1.4,0.7549353126668217
sd-2.1,0.8915996278279094
sdxl,0.7463949689311767
sdxl-turbo,0.5004696216564006
lcm-sdxl,0.6777301662157689
sd-3,0.0454146923337941
flux-schnell,0.7185822119508218
flux-dev,0.218877726539011
deepfloyd-m,0.947270420317763
deepfloyd-l,0.9750107232830054
deepfloyd-xl,0.9745193576521294
