model_name,concept_entropy
sd-1.1,0.9935791450425631
sd-1.4,0.7881510341214842
sd-2.1,0.5665095065529053
sdxl,0.37824164440536223
sdxl-turbo,0.11236071009937675
lcm-sdxl,0.35335933502142136
sd-3,0.0454146923337941
flux-schnell,0.09164995196224196
flux-dev,0.1943918578315762
deepfloyd-m,0.5929023785124913
deepfloyd-l,0.520271356904867
deepfloyd-xl,0.6262751890741828
