model_name,concept_entropy
sd-1.1,0.8299390073534579
sd-1.4,0.7143463117584788
sd-2.1,0.7839275994659379
sdxl,0.6763394328240278
sdxl-turbo,0.5778381438684022
lcm-sdxl,0.6960585104335669
sd-3,0.5872461868437733
flux-schnell,0.5040878351876527
flux-dev,0.5282476115847538
deepfloyd-m,0.6931512899208055
deepfloyd-l,0.646942489646622
deepfloyd-xl,0.6421364281001496
