model_name,concept_entropy
sd-1.1,0.6014618286458202
sd-1.4,0.5846568534197644
sd-2.1,0.6963293821325987
sdxl,0.6041904346768815
sdxl-turbo,0.5951629629882951
lcm-sdxl,0.717506126148019
sd-3,0.243289049540798
flux-schnell,0.3301618681502808
flux-dev,0.31438141822561516
deepfloyd-m,0.5938950146801222
deepfloyd-l,0.6411091230594945
deepfloyd-xl,0.6403386455453084
