model_name,concept_entropy
sd-1.1,0.4054660653602703
sd-1.4,0.28339789375633423
sd-2.1,0.6448018646010967
sdxl,0.6269099577879973
sdxl-turbo,0.7382848661434506
lcm-sdxl,0.7857837131679319
sd-3,0.032230355211769486
flux-schnell,0.21084230031853213
flux-dev,-0.0
deepfloyd-m,0.529749839196773
deepfloyd-l,0.46095286156410287
deepfloyd-xl,0.4550598031906026
