model_name,concept_entropy
sd-1.1,0.928783919265487
sd-1.4,0.6840384356390417
sd-2.1,0.5060391144361045
sdxl,0.3340257394468136
sdxl-turbo,0.23459769469962305
lcm-sdxl,0.4959690720618337
sd-3,0.15069883184348942
flux-schnell,0.20268245369011517
flux-dev,0.017783851361743246
deepfloyd-m,0.6539966976089812
deepfloyd-l,0.36139917369012076
deepfloyd-xl,0.4630676434465004
