model_name,concept_entropy
sd-1.1,0.9658666887161
sd-1.4,0.14144054254182067
sd-2.1,0.4544930622784751
sdxl,0.08079313589591118
sdxl-turbo,0.11236071009937675
lcm-sdxl,0.5293608652873644
sd-3,0.1599776929987939
flux-schnell,0.42101912899883237
flux-dev,0.12245524256338508
deepfloyd-m,0.6596552639955526
deepfloyd-l,0.5482251174503202
deepfloyd-xl,0.6014353864290772
