model_name,concept_entropy
sd-1.1,0.6227129153265328
sd-1.4,0.5285799860047783
sd-2.1,0.6581042477974651
sdxl,0.5606451499765516
sdxl-turbo,0.5727072672586918
lcm-sdxl,0.7304502764194472
sd-3,0.6073407382306343
flux-schnell,0.6140477130313233
flux-dev,0.5305350260873635
deepfloyd-m,0.6273854188600034
deepfloyd-l,0.5604589382935977
deepfloyd-xl,0.5826955824134138
