model_name,concept_entropy
sd-1.1,0.6711131253417442
sd-1.4,0.619493882156561
sd-2.1,0.692545017922209
sdxl,0.6177875125354092
sdxl-turbo,0.6475157079176855
lcm-sdxl,0.7054502920858212
sd-3,0.6562547113414529
flux-schnell,0.6717598158526387
flux-dev,0.6038201927357533
deepfloyd-m,0.726129751186528
deepfloyd-l,0.6820377954715434
deepfloyd-xl,0.6488460292357626
