model_name,concept_entropy
sd-1.1,0.3278424162393825
sd-1.4,0.8229886776655602
sd-2.1,0.8293681511779989
sdxl,0.993707106604508
sdxl-turbo,0.9355477288011397
lcm-sdxl,0.9114844096987045
sd-3,0.8317348747242224
flux-schnell,0.8979501202855791
flux-dev,0.9871595201843001
deepfloyd-m,0.8637555991202848
deepfloyd-l,0.7484761150465138
deepfloyd-xl,0.9687390016229367
