model_name,concept_entropy
sd-1.1,0.6415060317790997
sd-1.4,0.45530248972026205
sd-2.1,0.5110511351694133
sdxl,0.3596421675667985
sdxl-turbo,0.312960600669826
lcm-sdxl,0.4642712008211613
sd-3,0.45749370780485865
flux-schnell,0.5483398223340563
flux-dev,0.43514186293838
deepfloyd-m,0.5926746721255988
deepfloyd-l,0.5795641435249539
deepfloyd-xl,0.5114490018120472
