model_name,concept_entropy
sd-1.1,0.7721551435804814
sd-1.4,0.7144838286855026
sd-2.1,0.6932949601418256
sdxl,0.8043504981193557
sdxl-turbo,0.9593795191444578
lcm-sdxl,0.9956106822144285
sd-3,0.9188541030897784
flux-schnell,0.9895875212220556
flux-dev,0.8994494899924323
deepfloyd-m,0.8178372303722172
deepfloyd-l,0.7892080479603143
deepfloyd-xl,0.9767481556232516
