model_name,concept_entropy
sd-1.1,0.8234274317947734
sd-1.4,0.9402859586706311
sd-2.1,0.8931734583778568
sdxl,0.9237604185982746
sdxl-turbo,0.8665585600973763
lcm-sdxl,0.9954638597482369
sd-3,0.5061252137852816
flux-schnell,0.805952041954632
flux-dev,0.810600087184434
deepfloyd-m,0.959995128564558
deepfloyd-l,0.9937762894857168
deepfloyd-xl,0.9916178297881031
