model_name,concept_entropy
sd-1.1,0.47761055581588985
sd-1.4,0.5612664968587703
sd-2.1,0.49019751402112605
sdxl,0.5688766970327972
sdxl-turbo,0.5796711369610337
lcm-sdxl,0.427753757740052
sd-3,0.4927675380430994
flux-schnell,0.6664480357111014
flux-dev,0.275338026618048
deepfloyd-m,0.7234229602502358
deepfloyd-l,0.6204807058443804
deepfloyd-xl,0.5130137088475747
