model_name,concept_entropy
sd-1.1,0.19706456474306053
sd-1.4,0.19499570935361069
sd-2.1,0.26366400717653693
sdxl,0.01783526718290671
sdxl-turbo,-0.0
lcm-sdxl,0.06962555133621183
sd-3,0.032230355211769486
flux-schnell,-0.0
flux-dev,-0.0
deepfloyd-m,0.1606107713322494
deepfloyd-l,0.21055862906340775
deepfloyd-xl,0.07020704793855152
