model_name,concept_entropy
sd-1.1,0.035925580783167384
sd-1.4,0.037686156326326214
sd-2.1,0.0715037894499587
sdxl,0.01783526718290671
sdxl-turbo,0.017783851361743246
lcm-sdxl,-0.0
sd-3,-0.0
flux-schnell,-0.0
flux-dev,-0.0
deepfloyd-m,0.0580196863137494
deepfloyd-l,0.047484397763508296
deepfloyd-xl,0.03250701229514579
