model_name,concept_entropy
sd-1.1,0.6285175470296834
sd-1.4,0.41793306712856304
sd-2.1,0.21614761641316274
sdxl,0.27627556398848885
sdxl-turbo,0.28444152858709015
lcm-sdxl,0.21977899874851897
sd-3,0.2765188677529161
flux-schnell,0.1213974462197669
flux-dev,0.1650872664445471
deepfloyd-m,0.4824205456807201
deepfloyd-l,0.4530367690707789
deepfloyd-xl,0.47275301149302185
