model_name,concept_entropy
sd-1.1,0.9631480861104476
sd-1.4,0.690313913637442
sd-2.1,0.04547842701647885
sdxl,0.3438547076862021
sdxl-turbo,-0.0
lcm-sdxl,0.1943918578315762
sd-3,0.15069883184348942
flux-schnell,0.032230355211769486
flux-dev,0.14144054254182067
deepfloyd-m,0.2650960538978802
deepfloyd-l,0.4732646976844498
deepfloyd-xl,0.42080948947668984
