model_name,concept_entropy
sd-1.1,0.7251421964171214
sd-1.4,0.36000350990713337
sd-2.1,0.18620465042839007
sdxl,-0.0
sdxl-turbo,-0.0
lcm-sdxl,0.017783851361743246
sd-3,0.4689955935892812
flux-schnell,0.0454146923337941
flux-dev,0.10215803640865039
deepfloyd-m,0.7668773633911236
deepfloyd-l,0.7509638615973295
deepfloyd-xl,0.5929784607104114
