model_name,concept_entropy
sd-1.1,0.7998542771899442
sd-1.4,0.8474179614176633
sd-2.1,0.6996380555117616
sdxl,0.5818472908070746
sdxl-turbo,0.20403453413935158
lcm-sdxl,0.9835434843479469
sd-3,0.8112781244591328
flux-schnell,0.520916143802983
flux-dev,0.6136190195993708
deepfloyd-m,0.7313998510958799
deepfloyd-l,0.9905577004075261
deepfloyd-xl,0.9672947789468944
