model_name,concept_entropy
sd-1.1,0.4693085743978228
sd-1.4,0.567439915613782
sd-2.1,0.6634208495304246
sdxl,0.6435105794736492
sdxl-turbo,0.6456312758661917
lcm-sdxl,0.6733872657993167
sd-3,0.5425698545090614
flux-schnell,0.6049931003270295
flux-dev,0.6396161183699297
deepfloyd-m,0.7004267634897681
deepfloyd-l,0.7283763455707537
deepfloyd-xl,0.6300906202650358
