model_name,concept_entropy
sd-1.1,0.8032669261767302
sd-1.4,0.8254452860485104
sd-2.1,0.8286284070509667
sdxl,0.7716021176300365
sdxl-turbo,0.6898863320921832
lcm-sdxl,0.7509293800599115
sd-3,0.7254627235419686
flux-schnell,0.6036017766397718
flux-dev,0.5433672624533854
deepfloyd-m,0.7630936834170055
deepfloyd-l,0.8182525665464102
deepfloyd-xl,0.7641132584204766
