model_name,concept_entropy
sd-1.1,0.8640937564669834
sd-1.4,0.8405745590175058
sd-2.1,0.8156321661102285
sdxl,0.7863735615446871
sdxl-turbo,0.7127077201770805
lcm-sdxl,0.7249365580321708
sd-3,0.6978137480388787
flux-schnell,0.6501821827846095
flux-dev,0.6727700551852978
deepfloyd-m,0.6918799226261881
deepfloyd-l,0.7369617674706512
deepfloyd-xl,0.7941915345074463
