model_name,concept_entropy
sd-1.1,0.925641594587786
sd-1.4,0.952946037301857
sd-2.1,0.8090317922202895
sdxl,0.7181021748437206
sdxl-turbo,0.6432680608191358
lcm-sdxl,0.3979340755073518
sd-3,0.5999606541066416
flux-schnell,0.9730654605353941
flux-dev,0.9631367721341948
deepfloyd-m,0.3671993984179422
deepfloyd-l,0.4683868672438664
deepfloyd-xl,0.5748619038446591
