model_name,concept_entropy
sd-1.1,0.8567864650848881
sd-1.4,0.8785840098011348
sd-2.1,0.8304036004572207
sdxl,0.8065765837229785
sdxl-turbo,0.759702361672368
lcm-sdxl,0.8406853945279055
sd-3,0.7494434583575778
flux-schnell,0.7649354074824145
flux-dev,0.5361396548363724
deepfloyd-m,0.8278192489496227
deepfloyd-l,0.8597828961593491
deepfloyd-xl,0.7157483055263555
