model_name,concept_entropy
sd-1.1,0.9103426746589379
sd-1.4,0.8805457462042832
sd-2.1,0.9323192140160849
sdxl,0.845038797793031
sdxl-turbo,0.6582718300363795
lcm-sdxl,0.8718883007410634
sd-3,0.8190939397637809
flux-schnell,0.6365325336647609
flux-dev,0.5753349685452035
deepfloyd-m,0.9242992573476059
deepfloyd-l,0.918935415134765
deepfloyd-xl,0.9310696704501459
