model_name,concept_entropy
sd-1.1,0.7859830552186083
sd-1.4,0.7560324251340116
sd-2.1,0.73630131678345
sdxl,0.6612330869895744
sdxl-turbo,0.6423953196553331
lcm-sdxl,0.5865855278295293
sd-3,0.5414528990806025
flux-schnell,0.5212932226673914
flux-dev,0.5739700513877346
deepfloyd-m,0.6955195913011374
deepfloyd-l,0.7445518026398601
deepfloyd-xl,0.6960069150262818
