model_name,concept_entropy
sd-1.1,0.6722900838090793
sd-1.4,0.7135521314317934
sd-2.1,0.7413194872281347
sdxl,0.75189733996321
sdxl-turbo,0.5587097215625114
lcm-sdxl,0.7181251801514164
sd-3,0.6618603453250482
flux-schnell,0.5436520158979008
flux-dev,0.4982326183975017
deepfloyd-m,0.7695197505059905
deepfloyd-l,0.669604453500573
deepfloyd-xl,0.6443885682164482
