model_name,concept_entropy
sd-1.1,0.7117751798016968
sd-1.4,0.997348797918045
sd-2.1,0.9581691784721751
sdxl,0.967328044104846
sdxl-turbo,0.6653283557116499
lcm-sdxl,0.9739137135504422
sd-3,0.5375459015391424
flux-schnell,0.08079313589591118
flux-dev,0.09488275742641124
deepfloyd-m,0.9375312341175333
deepfloyd-l,0.9887415671493813
deepfloyd-xl,0.9134069634348374
