model_name,concept_entropy
sd-1.1,0.3068107554943079
sd-1.4,0.2444529230624406
sd-2.1,0.33646736375250175
sdxl,0.13197755709396147
sdxl-turbo,0.01780951971622003
lcm-sdxl,0.08079313589591118
sd-3,0.05777796017013378
flux-schnell,0.2720647864044614
flux-dev,0.16866093149667025
deepfloyd-m,0.19041253246636541
deepfloyd-l,0.11266345137348602
deepfloyd-xl,0.12278397251359185
