model_name,concept_entropy
sd-1.1,0.28852433261885596
sd-1.4,0.34696289064182695
sd-2.1,0.48698261061790105
sdxl,0.3028458780306007
sdxl-turbo,0.07660956149804604
lcm-sdxl,0.12977774165991532
sd-3,0.05003973764523312
flux-schnell,0.2993513787410973
flux-dev,0.11799155948030424
deepfloyd-m,0.33966402760420744
deepfloyd-l,0.2889022973271344
deepfloyd-xl,0.272924315678323
