model_name,concept_entropy
sd-1.1,0.27803097823262146
sd-1.4,0.4811897803207334
sd-2.1,0.6532292470658038
sdxl,0.5819078939083365
sdxl-turbo,0.25639837106419466
lcm-sdxl,0.4383178307437501
sd-3,0.14238099041079869
flux-schnell,0.5811658112738377
flux-dev,0.2277434948926697
deepfloyd-m,0.4808712609315435
deepfloyd-l,0.4737909673174295
deepfloyd-xl,0.3928225496609431
