model_name,concept_entropy
sd-1.1,0.8485481782946158
sd-1.4,0.941291028227705
sd-2.1,0.8323866083099061
sdxl,0.7894529806324388
sdxl-turbo,0.6615032422353346
lcm-sdxl,0.9964625048848763
sd-3,0.38431154412649704
flux-schnell,0.34698128810061335
flux-dev,0.597185045253784
deepfloyd-m,0.9987431105835372
deepfloyd-l,0.9829732284918193
deepfloyd-xl,0.9007196798623593
