model_name,concept_entropy
sd-1.1,0.8291929840340724
sd-1.4,0.9121910646210527
sd-2.1,0.9233135902652508
sdxl,0.4608144797209315
sdxl-turbo,0.6056537069706577
lcm-sdxl,0.8708644692353644
sd-3,0.24229218908241482
flux-schnell,0.4474992550368635
flux-dev,0.4215091896608467
deepfloyd-m,0.9939098476168903
deepfloyd-l,0.9825080425605395
deepfloyd-xl,0.8567236602343933
