model_name,concept_entropy
sd-1.1,0.798124088561866
sd-1.4,0.8768415525327743
sd-2.1,0.8532435915760087
sdxl,0.6487742684583988
sdxl-turbo,0.6319147638497536
lcm-sdxl,0.8350809085827381
sd-3,0.3063669138781266
flux-schnell,0.5126732051681687
flux-dev,0.5503017862291587
deepfloyd-m,0.8730783971399041
deepfloyd-l,0.8500519535598765
deepfloyd-xl,0.7906686926300196
