model_name,concept_entropy
sd-1.1,0.7166311033569098
sd-1.4,0.7770425647495649
sd-2.1,0.8040305761528692
sdxl,0.6960553450218261
sdxl-turbo,0.6285873423432686
lcm-sdxl,0.6379157516279734
sd-3,0.2924970084254679
flux-schnell,0.7435390723670293
flux-dev,0.6322111237728454
deepfloyd-m,0.6265822332192846
deepfloyd-l,0.5846745896272707
deepfloyd-xl,0.6145627377933058
