model_name,concept_entropy
sd-1.1,0.813331808495077
sd-1.4,0.6051865766334206
sd-2.1,0.8237287433102095
sdxl,0.5619913720740577
sdxl-turbo,0.15069883184348942
lcm-sdxl,0.5754420948286846
sd-3,0.47425664713765336
flux-schnell,0.390323673879426
flux-dev,0.5528495640114512
deepfloyd-m,0.8968700278037984
deepfloyd-l,0.9988141148293563
deepfloyd-xl,0.9638964855953072
