model_name,concept_entropy
sd-1.1,0.8597555090200142
sd-1.4,0.9681165537317868
sd-2.1,0.8276132619054912
sdxl,0.9993506898146103
sdxl-turbo,0.9506720926870659
lcm-sdxl,0.9953784388202257
sd-3,0.9506720926870659
flux-schnell,0.805952041954632
flux-dev,0.9961172688791446
deepfloyd-m,0.9819813352838862
deepfloyd-l,0.9958699965528488
deepfloyd-xl,0.9802049855889686
