model_name,concept_entropy
sd-1.1,0.6655393826694482
sd-1.4,0.7061397857392399
sd-2.1,0.9291477025701819
sdxl,0.9264046681474138
sdxl-turbo,0.8665585600973763
lcm-sdxl,0.7540340561971326
sd-3,0.5482251174503202
flux-schnell,0.15976788116214136
flux-dev,0.218877726539011
deepfloyd-m,0.3618336024296054
deepfloyd-l,0.5860782996235411
deepfloyd-xl,0.7662075322788207
