model_name,concept_entropy
sd-1.1,0.8102108233314815
sd-1.4,0.8174921818538013
sd-2.1,0.7993240597576665
sdxl,0.8082682471841576
sdxl-turbo,0.6866523848911943
lcm-sdxl,0.8270353764747596
sd-3,0.7427408450930066
flux-schnell,0.4893697458563192
flux-dev,0.685865397412703
deepfloyd-m,0.7530703570814326
deepfloyd-l,0.8649473301228944
deepfloyd-xl,0.9108510499113626
