model_name,concept_entropy
sd-1.1,0.32744491915447627
sd-1.4,0.21084230031853213
sd-2.1,0.2720647864044614
sdxl,0.3721127678115677
sdxl-turbo,0.15069883184348942
lcm-sdxl,0.21084230031853213
sd-3,0.09164995196224196
flux-schnell,0.2720647864044614
flux-dev,0.06952964699480783
deepfloyd-m,0.09164995196224196
deepfloyd-l,0.11236071009937675
deepfloyd-xl,0.10215803640865039
