model_name,concept_entropy
sd-1.1,0.9206837929533858
sd-1.4,0.9644714243143642
sd-2.1,0.9508477685500036
sdxl,0.9761454273158956
sdxl-turbo,0.9188626467833818
lcm-sdxl,0.9961710474604895
sd-3,0.9955048941165182
flux-schnell,0.9945196118885216
flux-dev,0.768344443529005
deepfloyd-m,0.8529439522349371
deepfloyd-l,0.8196004346196011
deepfloyd-xl,0.899322427976463
