model_name,concept_entropy
sd-1.1,0.8784900384244323
sd-1.4,0.8000051460699289
sd-2.1,0.9188626467833818
sdxl,0.4405164126352149
sdxl-turbo,0.3721127678115677
lcm-sdxl,0.15129690565045956
sd-3,0.6343095546405662
flux-schnell,0.7631991315524302
flux-dev,0.226794457003526
deepfloyd-m,0.9149263727797274
deepfloyd-l,0.548813856763973
deepfloyd-xl,0.5341327476441253
