model_name,concept_entropy
sd-1.1,0.7927652363756528
sd-1.4,0.7473944462440387
sd-2.1,0.938062149702295
sdxl,0.8166247778042482
sdxl-turbo,0.6148897798976013
lcm-sdxl,0.6959806494011681
sd-3,0.703464505532043
flux-schnell,0.8152828790971212
flux-dev,0.7988784659766646
deepfloyd-m,0.914821008714452
deepfloyd-l,0.8585280558420668
deepfloyd-xl,0.786611505910534
