model_name,concept_entropy
sd-1.1,0.49652152070620803
sd-1.4,0.4917954188577205
sd-2.1,0.679542255134878
sdxl,0.5376273619702203
sdxl-turbo,0.8145909294905909
lcm-sdxl,0.5234356327338561
sd-3,0.4914203068081203
flux-schnell,0.736080529496943
flux-dev,0.38476519892219857
deepfloyd-m,0.5573906527174434
deepfloyd-l,0.7075407956037763
deepfloyd-xl,0.5435644431995964
