model_name,concept_entropy
sd-1.1,0.2858612644338513
sd-1.4,0.4221228281374988
sd-2.1,0.5637545688337183
sdxl,0.4824130793492838
sdxl-turbo,0.48853375557071965
lcm-sdxl,0.41267565663017114
sd-3,0.2980938439230365
flux-schnell,0.7249654415759624
flux-dev,0.5674866414799397
deepfloyd-m,0.6322414435986211
deepfloyd-l,0.5736483809077693
deepfloyd-xl,0.5658836569825739
