model_name,concept_entropy
sd-1.1,0.5863204268284206
sd-1.4,0.5073743917500206
sd-2.1,0.5576744617560637
sdxl,0.4169855182880176
sdxl-turbo,0.3654363085665171
lcm-sdxl,0.26749046218604383
sd-3,0.2717640711905498
flux-schnell,0.49811995173989515
flux-dev,0.2104027394254368
deepfloyd-m,0.43603359231912303
deepfloyd-l,0.4060091385437671
deepfloyd-xl,0.3448895454803795
