model_name,concept_entropy
sd-1.1,0.26164056436524613
sd-1.4,0.33598755859117585
sd-2.1,0.17532487692431759
sdxl,0.14629545694508858
sdxl-turbo,0.15089761344442604
lcm-sdxl,0.1948947808291692
sd-3,0.0454146923337941
flux-schnell,0.06952964699480783
flux-dev,-0.0
deepfloyd-m,0.1222915970693747
deepfloyd-l,0.2730845867755956
deepfloyd-xl,0.218877726539011
