model_name,concept_entropy
sd-1.1,0.30993822482692307
sd-1.4,0.25548092927170896
sd-2.1,0.07328004196455738
sdxl,0.04769555095320266
sdxl-turbo,0.05810074789112419
lcm-sdxl,0.11296797705850145
sd-3,0.032230355211769486
flux-schnell,0.09189975500190951
flux-dev,-0.0
deepfloyd-m,0.01780951971622003
deepfloyd-l,0.05818205445594167
deepfloyd-xl,0.017965204407153237
