model_name,concept_entropy
sd-1.1,0.9955927544527945
sd-1.4,0.9982591404155208
sd-2.1,0.9997764007669365
sdxl,0.9939889832413209
sdxl-turbo,0.9981715711142887
lcm-sdxl,0.9695110425554084
sd-3,0.9916749614653292
flux-schnell,0.9962292634696452
flux-dev,0.9760615715608882
deepfloyd-m,0.9601976124620358
deepfloyd-l,0.9668701645630142
deepfloyd-xl,0.9963440828213284
