model_name,concept_entropy
sd-1.1,0.8566078546103313
sd-1.4,0.9906174973781801
sd-2.1,0.8846599756565394
sdxl,0.9919924034538556
sdxl-turbo,0.9998820377971165
lcm-sdxl,0.9819407868640977
sd-3,0.9741952479951516
flux-schnell,0.9838099938085869
flux-dev,0.9987979209581139
deepfloyd-m,0.9998393017810485
deepfloyd-l,0.9944297060901169
deepfloyd-xl,0.9967190737010337
