model_name,concept_entropy
sd-1.1,0.7333511877657305
sd-1.4,0.7842934328930499
sd-2.1,0.7476746987446079
sdxl,0.8149042248022272
sdxl-turbo,0.8085187196297625
lcm-sdxl,0.834499834992242
sd-3,0.7667922057500308
flux-schnell,0.8713518781577116
flux-dev,0.8152415386451553
deepfloyd-m,0.8270376130396816
deepfloyd-l,0.7984343540845134
deepfloyd-xl,0.8012517327643719
