model_name,concept_entropy
sd-1.1,0.6193554079157892
sd-1.4,0.5433050249457861
sd-2.1,0.3606893478714999
sdxl,0.3564686070622485
sdxl-turbo,0.20776143596288307
lcm-sdxl,0.22766230439311977
sd-3,0.23841784155122372
flux-schnell,0.3070642734596994
flux-dev,0.1364872224692001
deepfloyd-m,0.2847559577348369
deepfloyd-l,0.2086309344569667
deepfloyd-xl,0.3172214574379635
