model_name,concept_entropy
sd-1.1,0.44758998455652416
sd-1.4,0.32498847462009317
sd-2.1,0.18078076076242713
sdxl,0.04645810882831386
sdxl-turbo,-0.0
lcm-sdxl,0.09765375237841988
sd-3,-0.0
flux-schnell,-0.0
flux-dev,0.017783851361743246
deepfloyd-m,0.1778520929729859
deepfloyd-l,0.15584717487522515
deepfloyd-xl,0.09189975500190951
