model_name,concept_entropy
sd-1.1,0.7676016596932754
sd-1.4,0.7264391191171048
sd-2.1,0.6740998357397827
sdxl,0.651402430539202
sdxl-turbo,0.6366577506331809
lcm-sdxl,0.658078804391296
sd-3,0.5151939079647979
flux-schnell,0.6201050529787238
flux-dev,0.586234188403182
deepfloyd-m,0.6015471506653705
deepfloyd-l,0.6076242694425957
deepfloyd-xl,0.5786963938077508
