model_name,concept_entropy
sd-1.1,0.24212618188153648
sd-1.4,0.27287081765863946
sd-2.1,0.1884557185624798
sdxl,0.16659099810188052
sdxl-turbo,0.15999580686861153
lcm-sdxl,0.18821252946621786
sd-3,0.09262226007957255
flux-schnell,0.16605400526696176
flux-dev,0.05451618936061028
deepfloyd-m,0.13424315782735405
deepfloyd-l,0.18891561860468326
deepfloyd-xl,0.15642086376827596
