model_name,concept_entropy
sd-1.1,0.09291395250294493
sd-1.4,0.13943056708985163
sd-2.1,0.018618121957444094
sdxl,0.01825829938932978
sdxl-turbo,0.032276113665098506
lcm-sdxl,-0.0
sd-3,-0.0
flux-schnell,0.08079313589591118
flux-dev,-0.0
deepfloyd-m,0.017783851361743246
deepfloyd-l,0.0580196863137494
deepfloyd-xl,0.017783851361743246
