model_name,concept_entropy
sd-1.1,0.5461381677125682
sd-1.4,0.6334550333404607
sd-2.1,0.627003545907822
sdxl,0.5725816960278172
sdxl-turbo,0.4555705590044972
lcm-sdxl,0.5875290974509613
sd-3,0.3854662528522992
flux-schnell,0.5880474884421804
flux-dev,0.2725809468030514
deepfloyd-m,0.4679161286556382
deepfloyd-l,0.5229237156140062
deepfloyd-xl,0.5096164423967215
