model_name,concept_entropy
sd-1.1,0.6691381964294584
sd-1.4,0.9987636242791151
sd-2.1,0.999990391748071
sdxl,0.9917033083725818
sdxl-turbo,0.9987472979361685
lcm-sdxl,0.9993666255324105
sd-3,0.9786057092784348
flux-schnell,0.9982339417619894
flux-dev,0.8127812694802717
deepfloyd-m,0.9667058491921583
deepfloyd-l,0.9148850032590607
deepfloyd-xl,0.8154224977821039
