model_name,concept_entropy
sd-1.1,0.7322152635906181
sd-1.4,0.49240523095539057
sd-2.1,0.4711964026439989
sdxl,0.4511317382706693
sdxl-turbo,0.40456291581932047
lcm-sdxl,0.5410951880410503
sd-3,0.4494382831226691
flux-schnell,0.45563792658782826
flux-dev,0.4944647894413002
deepfloyd-m,0.5569862547297328
deepfloyd-l,0.5340760344614899
deepfloyd-xl,0.5914614826528044
