model_name,concept_entropy
sd-1.1,0.4132018697454498
sd-1.4,0.44142167143704303
sd-2.1,0.38275032290749317
sdxl,0.6457046906727084
sdxl-turbo,0.6412297754819186
lcm-sdxl,0.6805855319682432
sd-3,0.44004682688856966
flux-schnell,0.9228482651605083
flux-dev,0.7941021417852022
deepfloyd-m,0.651459047033432
deepfloyd-l,0.5819108620488852
deepfloyd-xl,0.6063115268645894
