model_name,concept_entropy
sd-1.1,0.728489934438551
sd-1.4,0.6163554841220562
sd-2.1,0.5991264821195641
sdxl,0.5121566773295403
sdxl-turbo,0.600344257452212
lcm-sdxl,0.5610125975559621
sd-3,0.6478469798848527
flux-schnell,0.3967016214406111
flux-dev,0.3377429605739253
deepfloyd-m,0.6540131223939587
deepfloyd-l,0.6493656552121843
deepfloyd-xl,0.6549959110533362
