model_name,concept_entropy
sd-1.1,0.6987702400225063
sd-1.4,0.8184174121654549
sd-2.1,0.6859950160942412
sdxl,0.6361305755840276
sdxl-turbo,0.6398713232657551
lcm-sdxl,0.5449908257694622
sd-3,0.780838548243752
flux-schnell,0.5838935931858698
flux-dev,0.43234942497752965
deepfloyd-m,0.7195364360497077
deepfloyd-l,0.6856991885923572
deepfloyd-xl,0.6685775254265632
