model_name,concept_entropy
sd-1.1,0.9758754495943744
sd-1.4,0.4053385448984825
sd-2.1,0.617930558175245
sdxl,0.4050201326242423
sdxl-turbo,0.9986450454194944
lcm-sdxl,0.9321115676166747
sd-3,0.9025598027825421
flux-schnell,0.05777796017013378
flux-dev,0.2720647864044614
deepfloyd-m,0.9160386188519809
deepfloyd-l,0.9815320741782805
deepfloyd-xl,0.9582074780385518
