model_name,concept_entropy
sd-1.1,0.6199586402215341
sd-1.4,0.6983609544785015
sd-2.1,0.7318910063372703
sdxl,0.6510073940476429
sdxl-turbo,0.5550992251607155
lcm-sdxl,0.5392856924445917
sd-3,0.6695717269618933
flux-schnell,0.6380706589467416
flux-dev,0.5100704084445099
deepfloyd-m,0.6957214769393093
deepfloyd-l,0.7216004236211326
deepfloyd-xl,0.6759771833102666
