model_name,concept_entropy
sd-1.1,0.8957311806363473
sd-1.4,0.8544213322344237
sd-2.1,0.8415296678840539
sdxl,0.9189021549008963
sdxl-turbo,0.9150195618611658
lcm-sdxl,0.8783118484381568
sd-3,0.7071400817894058
flux-schnell,0.8886123662534483
flux-dev,0.7561550210773024
deepfloyd-m,0.7514293019445853
deepfloyd-l,0.7180131045953174
deepfloyd-xl,0.7395453314193593
