model_name,concept_entropy
sd-1.1,0.9594838138869546
sd-1.4,0.9999075504967974
sd-2.1,0.9999890785728672
sdxl,0.9888470278883957
sdxl-turbo,0.9949536900383765
lcm-sdxl,0.9982708123573114
sd-3,0.8384416421049881
flux-schnell,0.9717027926827231
flux-dev,0.9847636927705001
deepfloyd-m,0.8753600570785401
deepfloyd-l,0.9490125288572449
deepfloyd-xl,0.9046440950019837
