model_name,concept_entropy
sd-1.1,0.17626878096950555
sd-1.4,0.1687106937022459
sd-2.1,0.2718626564839187
sdxl,0.09662983731675637
sdxl-turbo,0.1063156577945216
lcm-sdxl,0.10086626894568984
sd-3,0.17609442459011046
flux-schnell,0.19556104920939005
flux-dev,0.23420442758471927
deepfloyd-m,0.10595329924646121
deepfloyd-l,0.28320004478253097
deepfloyd-xl,0.28656732003658
