model_name,concept_entropy
sd-1.1,0.6163215440253396
sd-1.4,0.5736713066785477
sd-2.1,0.5529689866037348
sdxl,0.5233050096803578
sdxl-turbo,0.5992978789745891
lcm-sdxl,0.6622547853019857
sd-3,0.5312734536724576
flux-schnell,0.7292358663774867
flux-dev,0.7006774725215219
deepfloyd-m,0.7036029792884128
deepfloyd-l,0.6932169431530312
deepfloyd-xl,0.6755866415974005
