model_name,concept_entropy
sd-1.1,0.998363672593813
sd-1.4,0.9944066525627802
sd-2.1,0.9778188123666298
sdxl,0.7058641455194115
sdxl-turbo,0.7146620751741514
lcm-sdxl,0.999863701139491
sd-3,0.12411840202291982
flux-schnell,0.9879461057067803
flux-dev,0.8474937082478211
deepfloyd-m,0.9939404839629582
deepfloyd-l,0.9971595379304101
deepfloyd-xl,0.97663491144401
