model_name,concept_entropy
sd-1.1,0.644278865898237
sd-1.4,0.594539290424632
sd-2.1,0.4016673955389712
sdxl,0.4641331061829145
sdxl-turbo,0.6697919827155265
lcm-sdxl,0.6678885417481017
sd-3,0.8892881527272397
flux-schnell,0.941503081165986
flux-dev,0.968967292510196
deepfloyd-m,0.873298419882363
deepfloyd-l,0.8529615662343312
deepfloyd-xl,0.9056318118594289
