model_name,concept_entropy
sd-1.1,0.6219727141659316
sd-1.4,0.5067136243630217
sd-2.1,0.5771108009407069
sdxl,0.6693095806428895
sdxl-turbo,0.74959525725948
lcm-sdxl,0.7776668812766474
sd-3,0.8354065254460503
flux-schnell,0.999893090656711
flux-dev,0.9259400597385792
deepfloyd-m,0.8716836171199819
deepfloyd-l,0.7381342766066544
deepfloyd-xl,0.6476717319873481
