model_name,concept_entropy
sd-1.1,0.6407236864992109
sd-1.4,0.603986272340059
sd-2.1,0.5363852676884477
sdxl,0.6805883787398168
sdxl-turbo,0.7561244219292658
lcm-sdxl,0.7649885333999982
sd-3,0.6314597635759674
flux-schnell,0.5212760051485664
flux-dev,0.5267818745262948
deepfloyd-m,0.6731390762302996
deepfloyd-l,0.5946292902112298
deepfloyd-xl,0.561427432659635
