model_name,concept_entropy
sd-1.1,0.7875697145385839
sd-1.4,0.72564154669545
sd-2.1,0.6603792444202983
sdxl,0.7494574128092267
sdxl-turbo,0.6562894955845289
lcm-sdxl,0.6621456628092218
sd-3,0.5945918501539329
flux-schnell,0.6872202055492836
flux-dev,0.2981671789507891
deepfloyd-m,0.7099310681694933
deepfloyd-l,0.6426340988042383
deepfloyd-xl,0.5154816539883775
