model_name,concept_entropy
sd-1.1,0.4636900105581215
sd-1.4,0.557438185027989
sd-2.1,0.7950402793845223
sdxl,0.5388671281220587
sdxl-turbo,0.47425664713765336
lcm-sdxl,0.2934350890051504
sd-3,0.6056537069706577
flux-schnell,0.20268245369011517
flux-dev,0.5197027865043055
deepfloyd-m,0.24229218908241482
deepfloyd-l,0.34053729470418637
deepfloyd-xl,0.11236071009937675
