model_name,concept_entropy
sd-1.1,0.22043582169557271
sd-1.4,0.13830979572098068
sd-2.1,0.024997820631074818
sdxl,0.19733330505960495
sdxl-turbo,0.44773951024366676
lcm-sdxl,0.4394969869215134
sd-3,0.03736947889021895
flux-schnell,0.08079313589591118
flux-dev,0.42368057157091055
deepfloyd-m,0.2141367567812511
deepfloyd-l,0.3856426742254835
deepfloyd-xl,0.11499203730885738
