model_name,concept_entropy
sd-1.1,0.35251549775695296
sd-1.4,0.17637076947249627
sd-2.1,0.064389485101617
sdxl,0.3144335907176024
sdxl-turbo,0.16616119192479661
lcm-sdxl,0.4586858162005403
sd-3,0.3610040843802319
flux-schnell,0.12344724964758372
flux-dev,0.1037620097702632
deepfloyd-m,0.14710639188123656
deepfloyd-l,0.15790637433488172
deepfloyd-xl,0.09501724567107636
