model_name,concept_entropy
sd-1.1,0.5648034354707884
sd-1.4,0.5068259952439215
sd-2.1,0.48062493311931753
sdxl,0.5513020195019376
sdxl-turbo,0.5282529493363836
lcm-sdxl,0.553794176217598
sd-3,0.49734571961239665
flux-schnell,0.41005050846223706
flux-dev,0.39250400268097
deepfloyd-m,0.4419975328215073
deepfloyd-l,0.49143572945740016
deepfloyd-xl,0.3163409580057484
