model_name,concept_entropy
sd-1.1,0.999806132804711
sd-1.4,0.9363696793026914
sd-2.1,0.8583178360590753
sdxl,0.956418660801195
sdxl-turbo,0.8968179017912724
lcm-sdxl,0.9152073261515639
sd-3,0.8881094776669418
flux-schnell,0.9561094975282913
flux-dev,0.6172074666085817
deepfloyd-m,0.8965212581931408
deepfloyd-l,0.9304582052182111
deepfloyd-xl,0.743853142961054
