model_name,concept_entropy
sd-1.1,0.14121634373934427
sd-1.4,0.42567183847032314
sd-2.1,0.12904970718351394
sdxl,0.01780951971622003
sdxl-turbo,0.017783851361743246
lcm-sdxl,0.0455423545854454
sd-3,0.0454146923337941
flux-schnell,0.0454146923337941
flux-dev,0.017783851361743246
deepfloyd-m,0.15563383401695913
deepfloyd-l,0.11404810698556635
deepfloyd-xl,0.05859230239930996
