model_name,concept_entropy
sd-1.1,0.5891721419909833
sd-1.4,0.4099465428544384
sd-2.1,0.48723739714180636
sdxl,0.2982195516172699
sdxl-turbo,0.19667780342005678
lcm-sdxl,0.44308805026939113
sd-3,0.13903604259153443
flux-schnell,0.21165540537503844
flux-dev,0.18791231469228617
deepfloyd-m,0.16048046138106334
deepfloyd-l,0.48038840887999434
deepfloyd-xl,0.5668214324504202
