model_name,concept_entropy
sd-1.1,0.5212311635889508
sd-1.4,0.4603910075413351
sd-2.1,0.3988660343358677
sdxl,0.2492610846239694
sdxl-turbo,0.1300701810783189
lcm-sdxl,0.21604402852473203
sd-3,0.21752219173018422
flux-schnell,0.1434038725735895
flux-dev,0.08686446354686095
deepfloyd-m,0.38975668367139304
deepfloyd-l,0.37075027750716716
deepfloyd-xl,0.4710788225341293
