model_name,concept_entropy
sd-1.1,0.6614079754243709
sd-1.4,0.5894834713740587
sd-2.1,0.5264850922767345
sdxl,0.2580186686648155
sdxl-turbo,0.06952964699480783
lcm-sdxl,0.17808440882254167
sd-3,0.032741482819254236
flux-schnell,0.11296797705850145
flux-dev,0.017783851361743246
deepfloyd-m,0.24818782163004052
deepfloyd-l,0.2190034150117831
deepfloyd-xl,0.4608144797209315
