model_name,concept_entropy
sd-1.1,0.28494040246649927
sd-1.4,0.37780583800374934
sd-2.1,0.3263601072963406
sdxl,0.49486822993554413
sdxl-turbo,0.3663596036149867
lcm-sdxl,0.2720647864044614
sd-3,0.2647650339356807
flux-schnell,0.34698128810061335
flux-dev,0.21084230031853213
deepfloyd-m,0.6880476235340796
deepfloyd-l,0.48627679848147415
deepfloyd-xl,0.431876167828729
