model_name,concept_entropy
sd-1.1,0.929418954323556
sd-1.4,0.499047347004106
sd-2.1,0.525197867780943
sdxl,0.17738945318599736
sdxl-turbo,-0.0
lcm-sdxl,0.14144054254182067
sd-3,0.6056537069706577
flux-schnell,-0.0
flux-dev,-0.0
deepfloyd-m,0.6964336777948228
deepfloyd-l,0.5540346581770178
deepfloyd-xl,0.8372897302712561
