model_name,concept_entropy
sd-1.1,0.6932949601418256
sd-1.4,0.8332366816349311
sd-2.1,0.8853274542859281
sdxl,0.8994494899924323
sdxl-turbo,0.7350626941249581
lcm-sdxl,0.7382848661434506
sd-3,0.6139954706448637
flux-schnell,0.9822217784253526
flux-dev,0.9996072307052746
deepfloyd-m,0.99994059988104
deepfloyd-l,0.9321833692138839
deepfloyd-xl,0.9774722248600665
