model_name,concept_entropy
sd-1.1,0.5887138989751781
sd-1.4,0.6767171922208189
sd-2.1,0.7778206488552147
sdxl,0.761197318569419
sdxl-turbo,0.6783869666819006
lcm-sdxl,0.6600824135979707
sd-3,0.3709233647387549
flux-schnell,0.500827096502342
flux-dev,0.4884957813179846
deepfloyd-m,0.8742025999711251
deepfloyd-l,0.7885039620098219
deepfloyd-xl,0.8258965408774618
