model_name,concept_entropy
sd-1.1,0.3748427402212888
sd-1.4,0.5551059961787116
sd-2.1,0.8708644692353644
sdxl,0.9959844120029124
sdxl-turbo,0.9925061723733415
lcm-sdxl,0.9741742298501508
sd-3,0.017783851361743246
flux-schnell,0.017861094136750987
flux-dev,-0.0
deepfloyd-m,0.9546176850009862
deepfloyd-l,0.74479562793691
deepfloyd-xl,0.9263556829124096
