model_name,concept_entropy
sd-1.1,0.6980039965624198
sd-1.4,0.6418088988488143
sd-2.1,0.5772700230443518
sdxl,0.3881580537129119
sdxl-turbo,0.30759203354740217
lcm-sdxl,0.2677881448003109
sd-3,0.4809907722096579
flux-schnell,0.5023984169449225
flux-dev,0.4658801132486791
deepfloyd-m,0.6680495150313494
deepfloyd-l,0.6885328888786713
deepfloyd-xl,0.5738617148599097
