model_name,concept_entropy
sd-1.1,0.7999244076052892
sd-1.4,0.8281656819396058
sd-2.1,0.8541250127648106
sdxl,0.8544463124747472
sdxl-turbo,0.6893947649197693
lcm-sdxl,0.845135735887294
sd-3,0.6056537069706577
flux-schnell,0.8912402011913028
flux-dev,0.7382848661434506
deepfloyd-m,0.0455423545854454
deepfloyd-l,0.06952964699480783
deepfloyd-xl,0.0809037893328472
