model_name,concept_entropy
sd-1.1,0.08426242877623302
sd-1.4,0.058758157105190834
sd-2.1,0.03327031774155792
sdxl,-0.0
sdxl-turbo,0.31913873358312805
lcm-sdxl,-0.0
sd-3,-0.0
flux-schnell,-0.0
flux-dev,0.032230355211769486
deepfloyd-m,-0.0
deepfloyd-l,0.032414228925827945
deepfloyd-xl,0.032230355211769486
