model_name,concept_entropy
sd-1.1,0.7990485210442682
sd-1.4,0.6264527861270383
sd-2.1,0.5371161691768829
sdxl,0.7189217025426289
sdxl-turbo,0.8222917917209769
lcm-sdxl,0.5566614935251275
sd-3,0.448624907340909
flux-schnell,0.21864538967753638
flux-dev,0.4563773178524502
deepfloyd-m,0.8181902702308661
deepfloyd-l,0.7491251963074044
deepfloyd-xl,0.8072097593048346
