model_name,concept_entropy
sd-1.1,0.5610784524752634
sd-1.4,0.5044588750572783
sd-2.1,0.47483716656108377
sdxl,0.524456005005792
sdxl-turbo,0.6102750967412914
lcm-sdxl,0.4672657431374738
sd-3,0.35142620477052217
flux-schnell,0.3699618636229464
flux-dev,0.4089641797358901
deepfloyd-m,0.2879108749387705
deepfloyd-l,0.28368969074268
deepfloyd-xl,0.30678130128315045
