model_name,concept_entropy
sd-1.1,0.8250053721897928
sd-1.4,0.5501000204255359
sd-2.1,0.07140219969504735
sdxl,0.4056436332580231
sdxl-turbo,0.04560647594182623
lcm-sdxl,0.12378183239935159
sd-3,-0.0
flux-schnell,0.4226707635691617
flux-dev,0.16276133642558374
deepfloyd-m,0.5516127917740825
deepfloyd-l,0.4831140290323235
deepfloyd-xl,0.3799971363847541
