model_name,concept_entropy
sd-1.1,0.9373393848360743
sd-1.4,0.9424992553283538
sd-2.1,0.996485989886783
sdxl,0.6580223991192425
sdxl-turbo,0.597185045253784
lcm-sdxl,0.5985045814090811
sd-3,0.5892014284192397
flux-schnell,0.5225593745369408
flux-dev,0.23061024850023737
deepfloyd-m,0.9985036607561377
deepfloyd-l,0.9994275398149994
deepfloyd-xl,0.9645766585749111
