model_name,concept_entropy
sd-1.1,0.714453097781524
sd-1.4,0.598601675239086
sd-2.1,0.44714011223968997
sdxl,0.4356391138119632
sdxl-turbo,0.18780409076268917
lcm-sdxl,0.4359029633214286
sd-3,0.24658481514984984
flux-schnell,0.4504705112791414
flux-dev,0.2901934223140621
deepfloyd-m,0.6262130271724482
deepfloyd-l,0.6405393010471456
deepfloyd-xl,0.6228946567255189
