model_name,concept_entropy
sd-1.1,0.2122013275213624
sd-1.4,0.19117694685725697
sd-2.1,0.1527128581063602
sdxl,0.1535351006448747
sdxl-turbo,0.10215803640865039
lcm-sdxl,0.3795887680657529
sd-3,0.06952964699480783
flux-schnell,0.25019686615070075
flux-dev,0.13197755709396147
deepfloyd-m,0.3574181767086029
deepfloyd-l,0.377327736073788
deepfloyd-xl,0.47927705962894557
