model_name,concept_entropy
sd-1.1,0.6028882209434991
sd-1.4,0.4044483864864383
sd-2.1,0.21165540537503844
sdxl,0.1629798760075367
sdxl-turbo,0.09177466873746423
lcm-sdxl,0.3743342874495251
sd-3,0.226794457003526
flux-schnell,0.3698565584293516
flux-dev,0.6780032897233609
deepfloyd-m,0.40343635676428
deepfloyd-l,0.5032583347756457
deepfloyd-xl,0.5038469816080752
