model_name,concept_entropy
sd-1.1,0.9948311834168915
sd-1.4,0.9047837670978449
sd-2.1,0.8034441081352215
sdxl,0.7980145600301389
sdxl-turbo,0.10229622747172103
lcm-sdxl,0.7033053472834321
sd-3,0.34739854333167564
flux-schnell,0.687068993709552
flux-dev,0.24761467982716714
deepfloyd-m,0.8200941498591378
deepfloyd-l,0.8395688655389713
deepfloyd-xl,0.7867754474309085
