model_name,concept_entropy
sd-1.1,0.5920156808728405
sd-1.4,0.5728852536671538
sd-2.1,0.5227468154929088
sdxl,0.4968023152153854
sdxl-turbo,0.5421291771450983
lcm-sdxl,0.46573218916594117
sd-3,0.5068366005038275
flux-schnell,0.4145036415099158
flux-dev,0.4288019272001109
deepfloyd-m,0.5593501946962463
deepfloyd-l,0.5791453194540723
deepfloyd-xl,0.5277521865714203
