model_name,concept_entropy
sd-1.1,0.9536635525195067
sd-1.4,0.9347021301556235
sd-2.1,0.958298513548981
sdxl,0.9493463448868596
sdxl-turbo,0.9373573025848074
lcm-sdxl,0.9298293653579397
sd-3,0.8476522754637644
flux-schnell,0.6452297792917642
flux-dev,0.587465776667967
deepfloyd-m,0.8616818733343399
deepfloyd-l,0.9431361659978668
deepfloyd-xl,0.7990341147104236
