model_name,concept_entropy
sd-1.1,0.8877792153761801
sd-1.4,0.886645411268538
sd-2.1,0.9142273086871588
sdxl,0.9629004147713269
sdxl-turbo,0.998693408098057
lcm-sdxl,0.9999974416747464
sd-3,0.9389320105807948
flux-schnell,0.9730829756422512
flux-dev,0.9961256903637402
deepfloyd-m,0.9979549948425356
deepfloyd-l,0.8754892248758495
deepfloyd-xl,0.8986945149609011
