model_name,concept_entropy
sd-1.1,0.20245485905940985
sd-1.4,0.18340524749847195
sd-2.1,0.1868998377842181
sdxl,0.10075986920213202
sdxl-turbo,0.046999447831427066
lcm-sdxl,0.09569595580647
sd-3,0.10384365060394606
flux-schnell,0.0454146923337941
flux-dev,-0.0
deepfloyd-m,0.17900469325509952
deepfloyd-l,0.22260454279016476
deepfloyd-xl,0.21730366642084104
