model_name,concept_entropy
sd-1.1,0.20869563511551478
sd-1.4,0.17620386637327357
sd-2.1,0.1537328748075463
sdxl,0.06309896707763245
sdxl-turbo,0.15763435117085048
lcm-sdxl,0.052269932996579754
sd-3,0.15829430512471884
flux-schnell,0.0757994478655013
flux-dev,0.29730943639953883
deepfloyd-m,0.3171621983947547
deepfloyd-l,0.36813379023170323
deepfloyd-xl,0.3371368692611384
