model_name,concept_entropy
sd-1.1,0.7074851422935907
sd-1.4,0.6834696130398619
sd-2.1,0.40057554263664014
sdxl,0.40790598013897633
sdxl-turbo,0.5699613760403499
lcm-sdxl,0.25086824999396984
sd-3,0.4854607607459134
flux-schnell,0.33299131241626834
flux-dev,0.2631087325693082
deepfloyd-m,0.4409472136545015
deepfloyd-l,0.4863628733747777
deepfloyd-xl,0.3865917675037975
